ID	A1	A4	A7	A8	A9	A11	A12	A14	A16	A17	A20	A22
__id__1-syndicate	2	0	0	1	0	0	0	0	0	0.5	0	0
__id__2-syndicate	2	0	0	0.5	0	0	0	1	0	0	0	0
__id__3-syndicate	2	0	0	1	0	0	0	0	0	0	0	0
__id__4-syndicate	2	0	0	0.5	0	0	0	0	0	0	0	0
__id__5-syndicate	2	0	0	1	0	0	0	0	0	0	0	0
__id__6-syndicate	2	0	0	0.5	0	0	0	1	0	0.5	0	0
__id__7-syndicate	2	0	0	1	0	0	0	0	0	0	0	0
__id__8-syndicate	2	0	0	1	0	0	0	0	0	0	0	0
__id__9-syndicate	2	0	0.5	0.5	0	0	0	0	0	0	0	0
__id__10-syndicate	2	0	0.5	0.5	0	0	0	0	0	0	0	0
__id__11-syndicate	2	0	0.5	0.5	0	0	0	0	0	0	0	0
__id__12-syndicate	2	0	0.5	1	0	0	0	0	0	0	0	0
__id__13-syndicate	2	0	0	0	0	0	0	0	0	0	0	0
__id__14-syndicate	2	0	0	1	0	0	0	0	0	0	0	0
__id__15-syndicate	2	0	0	1	0	0.5	0	0	0.5	0	0	0
__id__16-syndicate	2	0	0	1	0	0	0	0	0	0	0	0
__id__17-syndicate	2	0	0	1	0	0	0	0	0	0	0	0
__id__18-syndicate	2	0	0	1	0	0	0	0	0	0	0	0
__id__19-syndicate	2	0	0	1	0	0.5	0	0	0	0	0	0
__id__20-syndicate	2	0	0	1	0	0	0	0	1	0	0	0
__id__21-syndicate	2	0	0	1	0	0	0	0	0	0	0	0
__id__22-syndicate	2	0	0	1	0	0.5	0	0	0	0	0	0
__id__23-syndicate	2	0	0	0	0	0.5	0	0	0	0	0	0
__id__24-syndicate	2	0	0	1	0	0	0	1	0	0	0	0
__id__25-syndicate	2	0	0	1	0	0	0	0	0	0	0	0
__id__26-syndicate	2	0	0	1	0	0	0	0	0	0	0	0
__id__27-syndicate	2	0	0	1	0	0	0	0	0	0	0	0
__id__28-Bib1Amos_Prophecy_12_EN.txt	1	2	0	0	0.5	1	0	0	0	0	0	0
__id__29-Bib1Amos_Prophecy_89_EN.txt	2	2	0	0	0.5	0	0	0	0	0	0	0
__id__30-Bib1Ezra_History_12_EN.txt	0	2	0	0	0	0	0	0	1	0	0	0
__id__31-Bib1Joel_Prophecy_12_EN.txt	2	2	0	0	0	1	0	0	0	0	0	0
__id__32-Bib1Ruth_History_12_EN.txt	1	2	0	0	0	0	0	0	0	0	0	0
__id__33-Bib2John_Gospel_12_EN.txt	1	2	0	0	0	0	0	0	0	0	0	0
__id__34-Bib2Jude_Epistle_1_EN.txt	2	0.5	0	0	0	2	0	0	0	0	0	0
__id__35-Bib2Luke_Acts_12_EN.txt	2	2	0	0	0	1	0	0	0	0	0	0
__id__36-Bib2Luke_Acts_2728_EN.txt	2	2	0	0	0	0.5	0	0	0	0	0	0
__id__37-Bib2Luke_Gospel_12_EN.txt	1	2	0	0	0	0.5	0	0	0	0	0	0
__id__38-Bib2Mark_Gospel_12_EN.txt	1	2	0	0	0	0.5	0	0	0	0	0	0
__id__39-CorpApple_Environment_EN.txt	0.5	0	1	0	0.5	0	2	1	0	0	0	0
__id__40-CorpHandM_Quality_EN.txt	0.5	0	2	0	0.5	0	2	0	0	0	0	0
__id__41-CorpHandM_Responsibility_EN.txt	1	0	0	0	1	0	2	0	0	0	0	0
__id__42-CorpHP_Objectives_EN.txt	1	0	0	0	0.5	0	2	0	0	0	0	0
__id__43-CorpJaguar_Sustainability_EN.txt	0.5	0	0	0	1	0	2	0	0	0	0	0
__id__44-CorpZara_Environment_EN.txt	1	0	1	0	0.5	0	1	0	2	0	0	0
__id__45-FictAndersenH_Mermaid_EN.txt	0	2	0	0	0	0	0	0	0	0	0	0
__id__46-FictAndersenH_Ugly_EN.txt	1	2	0	0	0	0	0	0	0	0	0	0
__id__47-FictBalzacH_Goriot_Ia_EN.txt	0	2	0	0	0	0	0	0	0	0	0	0
__id__48-FictBalzacH_Goriot_Ib_EN.txt	0	2	0	0	0	0	0	0	0	0	0	0
__id__49-FictBronteC_JaneEyre_33_EN.txt	0	2	0	0	0	0	0	0	0	0	0	0
__id__50-FictBronteC_JaneEyre_6_EN.txt	0	2	0	0	0	0	0	0	0	0	0	0
__id__51-FictCarrollL_Wonderland_2_EN.txt	0	2	0	0	0	0	0	0	0	0	0	0
__id__52-FictCarrollL_Wonderland_5_EN.txt	0	2	0	0	0	0	0	0	0	0	0	0
__id__53-FictDostoyevskyF_CrimePun_ep_EN.txt	0	2	0	0	0	0	0	0	0	0	0	0
__id__54-FictDostoyevskyF_CrimePun_II2_EN.txt	0	2	0	0	0	0	0	0	0	0	0	0
__id__55-FictDumasAp_3Musk_11_EN.txt	0	2	0	0	0	0	0	0	0	0	0	0
__id__56-FictDumasAp_3Musk_2_EN.txt	0	2	0	0	0	0	0	0	0	0	0	0
__id__57-FictFlaubertG_Bovary_I5_EN.txt	0	2	0	0	0	0	0	0	0	0	0	0
__id__58-FictFlaubertG_Bovary_III3_EN.txt	0	2	0	0	0	0	0	0	0	0	0	0
__id__59-FictFlaubertG_Salammbo_11_EN.txt	0	2	0	0	0	0	0	0	0	0	0	0
__id__60-FictFlaubertG_Salammbo_2_EN.txt	0	2	0	0	0	0.5	0	0	0	0	0	0
__id__61-FictGrimmJ_Bremusicians_EN.txt	0	2	0	0	0	0	0	0	0	0	0	0
__id__62-FictGrimmJ_HanselGretel_EN.txt	0	2	0	0	0	0	0	0	0	0	0	0
__id__63-FictHugoV_Hunchback_II5_EN.txt	0	2	0	0	0	0	0	0	0	0	0	0
__id__64-FictHugoV_Hunchback_IV3_EN.txt	0	2	0	0	0	0	0	0	0	0	0	0
__id__65-FictPoeE_Purloined_EN.txt	0	2	0	0	0	1	0	0	0	0	0	0
__id__66-FictPoeE_Usher_EN.txt	0	2	0	0	0	1	0	0	0	0	0	0
__id__67-FictTolstoyL_AnnaK_I10_EN.txt	0	2	0	0	0	0.5	0	0	0	0	0	0
__id__68-FictTolstoyL_AnnaK_I11_EN.txt	0	2	0	0	0	0.5	0	0	0	0	0	0
__id__69-FictTolstoyL_WarPeace_I16_EN.txt	0	2	0	0	0	0.5	0	0	0	0	0	0
__id__70-FictTolstoyL_WarPeace_I2_EN.txt	0	2	0	0	0	0.5	0	0	0	0	0	0
__id__71-FictWildeO_Dorian_18_EN.txt	0	2	0	0	0	0	0	0	0	0	0	0
__id__72-FictWildeO_Dorian_8_EN.txt	0	2	0	0	0	0.5	0	0	0	0	0	0
__id__73-FictZolaE_Germinal_II4_EN.txt	0	2	0	0	0	0.5	0	0	0	0	0	0
__id__74-FictZolaE_Germinal_VII2_EN.txt	0	2	0	0	0	0.5	0	0	0	0	0	0
__id__75-MarxMarxK_ComMan_01_EN.txt	2	0.5	0	0	0.5	0	0	1	0	0	0	0
__id__76-MarxMarxK_ComMan_24_EN.txt	2	0	0.5	0	0.5	1	0	1	0	0	0	0
__id__77-MarxMarxK_Feuerbach_EN.txt	2	0	0	0	0	0	0	1	0	0	0	0
__id__78-MarxMarxK_GothaProg_EN.txt	2	0	0	0	0	0	0	1	0	0	0	0
__id__79-MarxMarxK_JewishQ_EN.txt	2	0.5	0	0	0	0	0	0	0	0	0	0
__id__80-NewsEnnajiM_Maghreb_EN.txt	0.5	0	0	2	0	0	0	0	0	0	0	0
__id__81-NewsGoalcom_MessiTop50_EN.txt	1	0	0	2	0	0.5	0	0	0	0	0	0
__id__82-NewsGueyeA_BlackPete_EN.txt	2	0	0	0	0	0.5	0	0	0.5	0	0	0
__id__83-NewsLeM_OrbanGoldmanSachs_EN.txt	0	0	0	2	0	1	0	0	0	0	0	0
__id__84-NewsMendesFrancoJ_HaitiBeyondCapital_EN.txt	0.5	0	0	2	0	1	0	0	0	0	0	0
__id__85-NewsMillerH_FrankensteinTradition_EN.txt	0.5	0	0	2	0	0	0	1	0	0	0	0
__id__86-NewsRabinovichI_IranNuclear_EN.txt	2	0	0	2	0	0	0	0	0	0	0	0
__id__87-NewsRian_IranCutsOil_EN.txt	0	0	0	2	0	0	0	0	0	0	0	0
__id__88-NewsRian_MedvedevDismisses_EN.txt	0	0	0	2	0	0.5	0	0	0	0	0	0
__id__89-NewsWiki_KaradzicArrest_EN.txt	0	0	0	2	0	0	0	0	0	0	0	0
__id__90-OpacStallman_FreeSoft_EN.txt	2	0	0.5	0.5	0.5	0.5	0	0	1	0	0	0
__id__91-OpacTeam_Berlin_EN.txt	2	0	0	0	1	0	0	0.5	0	0	0	0
__id__92-OpacTeam_Budapest_EN.txt	2	0	0.5	1	0	0	0	0.5	0	0	0	0
__id__93-TediAndersonEt_NuclearEnergy_EN.txt	2	0	0	0	0	2	0	1	0	0	0	0
__id__94-TediBelcherA_Batteries_EN.txt	1	0	0.5	0	0	2	0	2	0	0	0	0
__id__95-TediGellMannM_Lang_EN.txt	2	0	0	0	0	0	0	1	0	0	0	0
__id__96-TediJakubowskiM_OpenTech_EN.txt	2	0	0.5	0	0	2	0	1	0	0	0	0
__id__97-TediJordanC_ShockStats_EN.txt	2	0	0	0	0	1	0	0	0	0	0	0
__id__98-TediMcKeanE_Dict_EN.txt	2	0	0	0	0	2	0	1	0	0	0	0
__id__99-TediMillerA_News_EN.txt	2	0	0	0.5	0	0	0	0	0	0	0	0
__id__100-TediNatchweyJ_WarPhotos_EN.txt	0.5	0	0	0.5	0	2	0	0	0	0	0	0
__id__101-TediOConnellA_Quantum_EN.txt	0.5	0	0	0	0	2	0	0.5	1	0	0	0
__id__102-TediRoslingH_Poverty_EN.txt	2	0	0	0	0	0	0	0	0	0	0	0
__id__103-TediSinclairC_OpenArchitech_EN.txt	1	0	0.5	0	0	2	0	0	0	0	0	0
__id__104-TeleHTC_Manual_0_EN.txt	0	0	2	0	2	0	0	0	0	0	0	0
__id__105-TeleHTC_Manual_10_EN.txt	0	0	2	0	0	0	0	0	0	0	0	0
__id__106-TeleHTC_Manual_11_EN.txt	0	0	2	0	0	0	0	0	0	0	0	0
__id__107-TeleHTC_Manual_12_EN.txt	0	0	2	0	0	0	0	0	0	0	0	0
__id__108-TeleHTC_Manual_13_EN.txt	0	0	2	0	0	0	0	0	0	0	0	0
__id__109-TeleHTC_Manual_1_EN.txt	0	0	2	0	0	0	0	0	0.5	0	0	0
__id__110-TeleHTC_Manual_2_EN.txt	0	0	2	0	0	0	0	0	0.5	0	0	0
__id__111-TeleHTC_Manual_3_EN.txt	0	0	2	0	0	0	0	0	0	0	0	0
__id__112-TeleHTC_Manual_4_EN.txt	0	0	2	0	0	0	0	0	0	0	0	0
__id__113-TeleHTC_Manual_5_EN.txt	0	0	2	0	0	0	0	0	0	0	0	0
__id__114-TeleHTC_Manual_6_EN.txt	0	0	2	0	0	0	0	0	0	0	0	0
__id__115-TeleHTC_Manual_7_EN.txt	0	0	2	0	0	0	0	0	0	0	0	0
__id__116-TeleHTC_Manual_8_EN.txt	0	0	2	0	0	0	0	0	0	0	0	0
__id__117-TeleHTC_Manual_9_EN.txt	0	0	2	0	0	0	0	0	0	0	0	0
__id__118-TeliApple_iPhone4_EN.txt	0.5	0	2	0	1	0	0	0	0	0	0	0
__id__119-TelsGoog_Answer_0545_EN.txt	0	0	2	0	0	0.5	0	0	1	0	0	0
__id__120-TelsGoog_Answer_0a46_EN.txt	0	0	2	0	0	0	0	0	0	0	0	0
__id__121-TelsGoog_Answer_0bcf_EN.txt	0	0	2	0	0.5	0	0	0	0	0	0	0
__id__122-TelsGoog_Answer_1851_EN.txt	0	0	2	0	0	0	0	0	0	0	0	0
__id__123-TelsGoog_Answer_1b37_EN.txt	0	0	2	0	0	0	0	0	0.5	0	0	0
__id__124-TelsGoog_Answer_2feb_EN.txt	0	0	2	0	0	0	0.5	0	1	0	0	0
__id__125-TelsGoog_Answer_3024_EN.txt	0	0	2	0	0	0	0.5	0	0	0	0	0
__id__126-TelsGoog_Answer_4b5b_EN.txt	0	0	2	0	0	0	0	0	0	0	0	0
__id__127-TelsGoog_Answer_596f_EN.txt	0	0	2	0	0	0	1	0	0.5	0	0	0
__id__128-TelsGoog_Answer_5b4c_EN.txt	0	0	2	0	0	0	0	0	1	0	0	0
__id__129-TelsGoog_Answer_70d7_EN.txt	0	0	2	0	0	0	1	0	0	0	0	0
__id__130-TelsGoog_Answer_770f_EN.txt	0	0	2	0	0	0	1	0	0	0	0	0
__id__131-TelsGoog_Answer_91e4_EN.txt	0	0	2	0	0	0	0	0	0	0	0	0
__id__132-TelsGoog_Answer_94d0_EN.txt	0	0	2	0	0	0	0	0	0	0	0	0
__id__133-TelsGoog_Answer_a67e_EN.txt	0	0	2	0	0	0	0	0	0.5	0	0	0
__id__134-UnitGass_Resolution_62250_EN.txt	0	0	0	1	2	0	0	0	1	0	0	0
__id__135-UnitUnat_Charter_EN.txt	2	0	0	0	2	0	0	0	0	0	0	0
__id__136-UnitUnat_HumanRights_EN.txt	2	0	0	0	2	0	0	0	0	0	0	0
__id__137-UnitUnat_StatuteICOJ_EN.txt	0	0	0	0	2	0	0	0	0	0	0	0
__id__138-WindParaschivoiuEt_DarrieusTurbine_EN.txt	0	0	0.5	0	0	0	0	2	0	0	0	0
__id__139-WindPurohitEt_CDMIndia_EN.txt	0.5	0	0	0	0	0	0	2	0	0	0	0
__id__140-WindRiadhEt_Contrarotating_EN.txt	0	0	1	0	0	0	0	2	0	0	0	0
__id__141-ted	1	0	0.5	0	0.5	2	0	0	0	0	0	0
__id__142-ted	2	0	0	0	0	1	0	0.5	0	0	0	0
__id__143-ted	2	0	0	0.5	0	0	0	0	0	0	0	0
__id__144-ted	1	0	0	0	0	2	0	0.5	0	0	0	0
__id__145-ted	2	0	0	0	0	0.5	0	1	1	0	0	0
__id__146-ted	0.5	0	0	0	0	2	0	0	1	0	0	0
__id__147-ted	2	0	0	0	0	2	0	1	0	0	0	0
__id__148-ted	2	0	0	0	0	0.5	0	1	1	0	0	0
__id__149-ted	2	0	0	1	0	1	0.5	2	0	0	0	0
__id__150-ted	2	0	0.5	0.5	0	2	0	0	0	0	0	0
__id__151-ted	1	0	0	0	0	1	0	2	1	0	0	0
__id__152-ted	1	0	0	0	0	2	0	0	0	0	0	0
__id__153-ted	0.5	0	0	0.5	0	1	0	2	1	0	0	0
__id__154-ted	1	0	0	0	0	2	0	0	0	0	0	0
__id__155-ted	0.5	0.5	0	0	0	2	0	1	1	0	0	0
__id__156-ted	1	0	0.5	0	0	2	0	1	1	0	0	0
__id__157-ted	1	0	0	0	0	2	0	0	1	0	0	0
__id__158-ted	2	0	0	0.5	0	2	0	0	0	0	0	0
__id__159-ted	1	0	0.5	0	0	2	0	0	0	0	0	0
__id__160-ted	0	0	0	0	0	1	1	2	0	0	0	0
__id__161-ted	1	0	0	1	0	2	0	0	0	0	0	0
__id__162-ted	0	0	0	0	0	2	0	0	0	0	0	0
__id__163-ted	2	0	0.5	0	0	1	0	0	0	0	0	0
__id__164-ted	2	0	0	0	0	2	0	1	0	0	0	0
__id__165-ted	0	0	0	0.5	0	1	0	2	0	0	0	0
__id__166-ted	2	0	0	0	0	1	0	0	0	0	0	0
__id__167-ted	2	0.5	0	0	0	1	0	1	0	0	0	0
__id__168-ted	2	0	0	0.5	0	1	0	0.5	0	0	0	0
__id__169-ted	0	0	0	0	0	1	0	2	0	0	0	0
__id__170-ted	0	0	0	0.5	0	1	0	2	0	0	0	0
__id__171-ted	2	1	0.5	0	0	1	0	0	0	0	0	0
__id__172-ted	2	0	0	0	0	1	0	0	0	0	0	0
__id__173-ted	0	0	0	1	0	1	0	2	0	0	0	0
__id__174-ted	2	0	0	0.5	0	1	0	0.5	0	0	0	0
__id__175-ted	0	0	0	0.5	0	1	1	2	0	0	0	0
__id__176-ted	0	0	0	0	0	2	0	1	0	0	0	0
__id__177-ted	0.5	0	0	0	0	1	0	2	0	0	0	0
__id__178-ted	0	0	0	0.5	0	1	0	2	0	0	0	0
__id__179-un	1	0	0.5	0	2	0	0	1	0	0	0	0
__id__180-un	1	0	0.5	0	2	0	0	0	0	0	0	0
__id__181-un	1	0	0	0.5	1	1	0	0.5	2	0	0	0
__id__182-un	2	0	0	1	1	0	0	0	1	0	0	0
__id__183-un	2	0	0	0.5	0	0	0	0.5	0	0	0	0
__id__184-un	2	0	1	0.5	1	0	0	0.5	0	0	0	0
__id__185-un	2	0	0	0.5	0	1	0	1	0	0	0	0
__id__186-un	1	0.5	0	0.5	0	2	0	0	0	0	0	0
__id__187-un	1	0	0	1	0	2	0	0	0	0	0	0
__id__188-un	1	0	0	0	0	2	0	0	0	0	0	0
__id__189-un	2	0	0	0.5	1	1	0	0	0	0	0	0
__id__190-un	1	0	0	0.5	2	0	0	0	0	0	0	0
__id__191-un	1	0	0	0.5	0	0	0	2	0	0	0	0
__id__192-un	2	0	0	0.5	0	0	0	1	0	0	0	0
__id__193-un	2	0	0	0	0.5	0	0	0.5	0.5	0	0	0
__id__194-un	2	0	0.5	0	1	0	0	0	0	0	0	0
__id__195-un	1	0	0.5	2	0	0	0	0	0	0	0	0
__id__196-un	2	0	1	0	0	0	0	1	0	0	0	0
__id__197-un	2	0	0	0.5	0	0.5	0	0	0	0	0	0
__id__198-un	2	0	1	0	0	0	0	0	0	0	0	0
__id__199-un	2	0	0	2	0	0.5	0	0	0	0	0	0
__id__200-un	2	0	0	2	0	0.5	0	0	0	0	0	0
__id__201-un	0.5	0	0	0	0	0	0	2	0	0	0	0
__id__202-un	1	0	1	0	0	0	0	2	0	0	0	0
__id__203-un	0	0	0	0	2	0	0	0.5	0	0	0	0
__id__204-un	0.5	0	0	0	0	0	0	0	2	0	0	0
__id__205-un	0	0	0	0.5	0	0	0	0	2	0	0	0
__id__206-un	0	0	0	1	0	0	0	0	2	0	0	0
__id__207-un	0	0	0	1	0	0	0	0	2	0	0	0
__id__208-un	0	0	0	0	1	0	0	0	2	0	0	0
__id__209-un	0.5	0	0.5	0	0	0	0	2	0	0	0	0
__id__210-un	0.5	0	0	2	0	0	0	0.5	1	0	0	0
__id__211-un	0	0	0	2	0	0	0	0	0	0	0	0
__id__212-un	2	0	0	1	0	0	0	0	0	0	0	0
__id__213-un	2	0	0.5	0.5	0	0	0	0	0	0	0	0
__id__214-un	0	0	1	0	2	0.5	0	0	0	0	0	0
__id__215-un	0	0	0	0	2	0	0	0	0	0	0	0
__id__216-un	2	0	0	0	0	1	0	0	0	0	0	0
__id__217-un	2	0	0	0	0	1	0	0	0	0	0	0
__id__218-un	1	0	0	2	0	0	0	0	0	0	0	0
__id__219-un	2	0	0	0.5	0	1	0	0	0	0	0	0
__id__220-un	2	0	0	0	1	0.5	0	0	0	0	0	0
__id__221-un	2	0	0	0	0	0.5	0	0	0	0	0	0
__id__222-un	2	0	0	0	0	0.5	0	0	0	0	0	0
__id__223-un	0.5	0	0	2	0	1	0	0	0	0	0	0
__id__224-un	0.5	0	0	2	0	0.5	0	0	0	0	0	0
__id__225-un	2	0	0	0.5	0	0.5	0	0	0	0	0	0
__id__226-un	2	0	0	0.5	0	0.5	0	0	0	0	0	0
__id__227-un	2	0	0	0	0	1	0	1	0	0	0	0
__id__228-un	2	0	0	2	0	0.5	0	0	0	0	0	0
__id__229-un	2	0	0	1	0	1	0	0	0	0	0	0
__id__230-un	2	0	0	0.5	0	0.5	0	0	0	0	0	0
__id__231-un	2	0	0	0	0	0	0	0.5	0	0	0	0
__id__232-un	1	0	0	0.5	0	2	0	0	0	0	0	0
__id__233-un	2	0	0	0	0	1	0	0	0.5	0	0	0
__id__234-un	2	0	0	0	0	1	0	0	0	0	0	0
__id__235-un	2	0	0	0.5	0	1	0	0	0	0	0	0
__id__236-un	2	0	0	0	0	1	0	0	0	0	0	0
__id__237-un	2	0	0	1	0	1	0	0	0	0	0	0
__id__238-un	2	0	0	0	0	1	0	0	0	0	0	0
__id__239-un	0	0	0	0	2	0	0	0	0	0	0	0
__id__240-un	2	0	0	0	0	0	0	0	1	0	0	0
__id__241-un	2	0	0.5	0	0	0	0	0	0	0	0	0
__id__242-un	2	0	0	0	0	0	0	0	0	0	0	0
__id__243-un	0	0	0	0	0.5	0	0	0	2	0	0	0
__id__244-un	2	0	0	1	0	0	0	0	0	0	0	0
__id__245-un	2	0	0	0	0	0	0	1	0	0	0	0
__id__246-un	2	0	0	0	0	2	0	0.5	0	0	0	0
__id__247-un	1	0	0	0	0.5	0	0	0	2	0	0	0
__id__248-gov	0	0	2	0	0	0	1	0	1	0	0	0
__id__249-co	0	0	0	0	0	0	2	0	1	0	0	0
__id__250-ac	0	0	0	0	1	0	1	0	2	0	0	0
__id__251-org	2	0	0	0	0	0	0	0	0	0	0	0
__id__252-org	0	0	0	0	0	0	2	0	0	0	0	0
__id__253-org	0	0	0	0	0	0	2	0	0	0	0	0
__id__254-org	0	0	0	2	0	0	2	0	0	1	2	0
__id__255-gov	0	0	0	0	0	0	0	0	2	0	0	0
__id__256-co	2	0	0	0	0	0	0	1	0	0	0	0
__id__257-co	0	0	0	1	0	2	0	0	0	0	0	0
__id__258-co	0	0	0	1	0	2	0	0	0	0	0	0
__id__259-org	0	0	0	0	0	2	0	0	2	0	0	0
__id__260-sch	0	0	1	0	0	0	2	0	1	0	0	0
__id__261-ac	0	0	0.5	0	0	0	0	0	2	0	0	0
__id__262-org	0	0	0	0	0	0	2	0	0	0	2	0
__id__263-co	0	0	0	0	0	0	2	0	0	1	0	0
__id__264-co	0	0	0	0	0	0	2	0	0	1	0	0
__id__265-org	2	0	0	1	0	0	0	0	0	0	0	0
__id__266-co	1	0	0	0	0	1	2	0	0	0	0	0
__id__267-co	0	0	0	0	0	0	0	1	2	0	0	0
__id__268-co	0	0	2	0	0	0	0	0	0	0	0	0
__id__269-ac	0.5	0	2	0	0	0	0	0	0	0	0	0
__id__270-co	2	0	0	0.5	0.5	0	0	0	0	0	0	0
__id__271-ac	0	0	0	2	0	0	1	0	0	1	0	0
__id__272-co	0	0	0	2	0	0	0	0	0	1	0	0
__id__273-co	0	0	0	1	0	0	2	0	0	0	0	0
__id__274-org	0	0	0	0	0	0	0	0	2	1	0	0
__id__275-co	2	0	0	0	0	0	0	0	0	0	0	0
__id__276-gov	0	0	0	0	0	0	0	0	2	0	0	0
__id__277-org	0	0	2	0	0	0	0	0	1	0	0	0
__id__278-co	0	0	0	2	0	0	0	0	0	2	0	0
__id__279-org	0	0	0	1	0	0	0	0	2	0	0	0
__id__280-org	0	0	0	2	0	0	2	0	0	0	2	0
__id__281-org	0	0	0	0	0	0	0	2	1	0	0	0
__id__282-ac	1	0	0	0	0	0	0	2	0	0	0	0
__id__283-co	0	0	0	2	0	0	0	0	0	1	0	0
__id__284-gov	0	0	0	0	2	0	0	0	0	0	0	0
__id__285-co	0	0	0	0	0	2	0	0	0	1	0	0
__id__286-co	0	0	2	0	0	0	1	0	0	0	0.5	0
__id__287-co	0	0	0	0	0	0	2	0	0	0	2	0
__id__288-co	0	0	0	0	0	0	2	0	1	0	0	0
__id__289-co	0	0	0.5	0	0	0	0.5	0	0	2	0	0
__id__290-org	0	0	2	0	0	0	0	0	0	0	0	0
__id__291-org	2	0	0	0.5	0	0	0	0	0	0	0	0
__id__292-ac	0	0	0	0	0	0	2	0	1	0	2	0
__id__293-gov	0	0	0	1	0	0	1	0	0	2	0	0
__id__294-nhs	2	0	0	0	0	0	0.5	0	0	0	0.5	0
__id__295-org	2	0	0	1	0	0	0	0	0	0	0	0
__id__296-co	0	0	0	0	0	0	2	0	1	1	0	0
__id__297-org	2	0	0	0	0	0	0	0	0	0	0	0
__id__298-co	0	0	2	0	0	0	0	0	0	0	0	0
__id__299-org	1	0	0	2	0	0	0	0	0	0	0	0
__id__300-ac	0	0	0	0	0	2	0	0	1	0	0	0
__id__301-co	0	0	1	0	0	0	2	0	0	0	2	0
__id__302-co	1	0	0	0	0	0	1	1	1	2	0	0
__id__303-ac	0	0	0	0	2	0	0	0	1	0	0	0
__id__304-co	0	0	0	0	2	0	0	0	0	0	0	0
__id__305-ac	2	0	0	1	0	0	0	0	0	0	0	0
__id__306-co	2	0	0	0	0	1	0	1	0	0	0	0
__id__307-co	2	0	0	0	0	0	0	1	0	0	0	0
__id__308-co	0	0	0	2	0	0	0	0	0	0	0	0
__id__309-co	0	0	0	0	0	0	2	0	0.5	1	0	0
__id__310-co	0	0	0	0	0	0	1	0	1	2	0	0
__id__311-org	0	0	0	1	0	0	2	0	1	0	0	0
__id__312-org	0	2	0	0	0	0	0	0	0.5	0	0	0
__id__313-co	0	0	0	2	0	0	0	0	0	0	0	0
__id__314-co	0	0	0	0	0	0	2	0	1	0	0	0
__id__315-org	0	0	0	2	0	0	0	0	0	0.5	0	0
__id__316-org	0	0	0	1	0	0	0	0	1	2	0	0
__id__317-co	0.5	0	2	0	0	0	0	0	1	0	0	0
__id__318-org	0	0	0	0	2	0	0	0	0	0	0	0
__id__319-ac	0	0	2	0	0	0	0	2	0	0	0	0
__id__320-ac	0	0	1	0	2	0	0	0	0	0	0	0
__id__321-co	0	0	0	1	0	0	0	0	0	2	0	0
__id__322-co	0	0	0	0	0	1	0	0	0	2	0	0
__id__323-co	2	0	0	1	0	0	0	0	0	0	0	0
__id__324-co	0	0	2	0	0	0	0	0	1	0	0	0
__id__325-org	0	0	0	0	0	0	2	0	0	0	1	0
__id__326-org	2	0	0	1	0	0	0	0	0	0	0	0
__id__327-co	0	0	0	0	1	0	2	0	1	0	2	0
__id__328-org	0	2	0	0	0	0	0	0	0	2	0	0
__id__329-co	0	0	0	2	0	0	2	0	0	0	0	0
__id__330-co	2	0	0	0	0	0	0	0	0	0	0	0
__id__331-ac	0	0	2	0	0	0	0	0	0	0	0	0
__id__332-org	0	0	0	0	2	0	0	0	0	0	0	0
__id__333-org	2	0	0	0	0	0	0	0	0	0	0	0
__id__334-org	2	0	0	0	0	0	0	0	0	0	0	0
__id__335-gov	0	0	0	0	0	0	2	0	1	1	0	0
__id__336-ac	1	0	0	0	0	0	0	0	2	0	0	0
__id__337-co	0	0	0	0	0	0	0	0	2	0	0	1
__id__338-co	0	0	0	0	0	0	2	0	0	0	0	0
__id__339-co	0	0	0	0	0	0	2	0	1	0	0	0
__id__340-co	0	0	1	0.5	0	0	2	0	0	0	0	0
__id__341-co	0	0	0	0	2	0	0	0	0	0	0	0
__id__342-co	0	0	0	2	0	0	2	0	0	0	0	0
__id__343-co	0	0	0	0	0	0	2	0	0	2	0	0
__id__344-co	0	0	0	0	0	0	2	0	0	0	2	0
__id__345-org	2	0	0	0	0	0	0	0	0	0	0	0
__id__346-org	0	0	2	0	2	0	0	0	0	0	0	0
__id__347-co	0	0	0	0	0	0	2	0	0	0	0	0
__id__348-nhs	0	0	0	0	0	0	0	2	2	0	0	0
__id__349-ac	0	0	0	0	0	0	2	0	1	0	2	0
__id__350-co	0	0	0	0	0	0	2	0	2	0	0	0
__id__351-co	0	0	0	2	0	0	2	0	0	0	0	0
__id__352-co	0	0	1	0	0	2	0	0	0	0	0	0
__id__353-co	0	0	2	0	0	0	0	0	0	0	0	0
__id__354-co	0	0	0	0	0	2	0	0	0	2	0	0
__id__355-org	0	0	0	0	0	0	2	0	0	0	0	0
__id__356-co	0	0	0	0	0	0	0	0	0	2	0	0
__id__357-gov	0	0	1	0	2	0	0	0	0	0	0	0
__id__358-co	0	0	2	0	0	0	0	0	0	0	0	0
__id__359-org	2	0	0	0	2	0	0	0	0	0	0	0
__id__360-sch	0	0	2	0	0	0	0	0	0	0	0	0
__id__361-ac	0	0	2	0	0	0	0	0	0	0	0	0
__id__362-co	0	0	0	0	0	0	0	0	0	2	0	0
__id__363-co	0	0	0	0	0	2	0	0	0	0	0	0
__id__364-co	0	0	0	0	0	0	2	0	0.5	0	0	0
__id__365-co	0	0	0	2	0	0	0	0	0	0	0	0
__id__366-co	1	0	0	0	0	0	0	0	0	2	0	0
__id__367-co	0	0	2	0	0	0	0	0	0	0	0	0
__id__368-co	0	0	0	0	0	0	0	2	0	0	0	0
__id__369-ac	0	0	0	0	0	0	2	0	2	0	0	0
__id__370-co	0	0	2	0	0	0	0	0	0	0	0	0
__id__371-co	0	0	0	0	2	0	0	0	0	0	0	0
__id__372-org	2	0	0	1	0	0	0	0	1	0	0	0
__id__373-gov	2	0	0	0	0	0	0	0	1	0	0	0
__id__374-ac	0	0	0	0	0	0	0	2	1	1	0	0
__id__375-co	1	0	1	0	0	0	1	2	0	0	1	0
__id__376-co	0	0	0	0	0	0	2	0	0	0	2	0
__id__377-plc	0	0	0	0	0	0	2	0	0	0	0	0
__id__378-co	0	0	0	0	0	0	2	0	0	0	0	0
__id__379-co	0	0	0	0	0	0	2	0	0	0	0	0
__id__380-co	0	0	0	2	0	0	0	0	0	0	0	0
__id__381-org	0	0	0	0	0	2	1	0	0	1	0	0
__id__382-ac	0	0	0	0	0	2	0	0	0	0	0	0
__id__383-co	2	0	0	0	0	1	0	0	0	0	0	0
__id__384-co	0	0	0	2	0	0	0	0	0	0	0	0
__id__385-nhs	0	0	2	0	0	0	0	0	1	0	0	0
__id__386-co	0	0	0	0	0	0	2	0	0	0	0	0
__id__387-co	0	0	0	0	0	0	2	0	1	0	0	0
__id__388-co	0	0	0	0	0	0	2	0	0	0	0	0
__id__389-org	0	0	2	0	0	0	0	0	0	0	0	0
__id__390-ac	2	0	0	0	0	0	0	0	0	0	0	0
__id__391-co	2	0	0	0	0	0	0	0	0	0	0	0
__id__392-ac	0	0	0	2	0	0	0	0	0	0	0	0
__id__393-co	0	0	0	2	0	0	2	0	0	0	0	0
__id__394-ac	0	0	0	0	0	0	2	0	1	0	0	0
__id__395-co	0	0	2	0	0	0	2	0	0	0	0	0
__id__396-co	0	0	0	0	0	2	0	0	0	1	0	0
__id__397-gov	0	0	0	0	0	0	0	2	0.5	0	0	0
__id__398-co	2	0	0.5	1	0	0	0	0	0	0	0	0
__id__399-co	0	0	0	2	0	0	0	0	0	0	0	0
__id__400-co	0	0	0	0	0	0	2	0	0	0	2	0
__id__401-co	0	0	2	0	0	0	0	0	0	0	0	0
__id__402-ac	0	0	0	2	0	0	0	0	0	0	0	0
__id__403-co	0	0	0	2	0	0	0	0	0	1	0	0
__id__404-gov	2	0	0	1	0	0	0	0	0	0	0	0
__id__405-co	0	0	0	1	0	0	0	2	0	0	0	0
__id__406-org	2	0	0	0	0	0	2	0	0	0	2	0
__id__407-org	2	0	0	0	0	0	2	0	0	0	2	0
__id__408-org	0	0	0	0	0	0	0	0	2	0	0	0
__id__409-co	0	1	0	0	0	0	0	0	2	0	0	0
__id__410-co	0	0	2	0	0	0	0	0	0	0	0	0
__id__411-org	0	0	0	2	0	0	0	0	0	0	0	0
__id__412-co	0	0	0	0	2	0	0	0	0	0	0	0
__id__413-co	0	0	0	0	0	0	2	0	0	0	0	0
__id__414-co	0	0	0	0	2	0	0	0	0.5	0	0	0
__id__415-org	0	0	0	0	0	0	2	0	0.5	0	0	0
__id__416-co	0	0	0	0	0	0	2	0	0	0	0	0
__id__417-co	0	0	0	0	0	0	2	0	0.5	0	0	0
__id__418-org	2	0	0	0	0	0	0.5	0	0	0.5	0.5	0
__id__419-ac	0	0	0	0	0	0	0	2	0	0	0	0
__id__420-co	0	0	2	0	0	0	0	0	0	0	0	0
__id__421-co	0	0	0	0	0	0	2	0	0	0	0	0
__id__422-co	0	0	0	0	0	0	2	0	0	0	0	0
__id__423-org	0	0	0	0	0	0	0	2	1	0	0	0
__id__424-co	0	0	0	0	0	0	0	0	0	2	0	0
__id__425-org	0	0	2	0	0	0	0	0	0	0	0	0
__id__426-co	0	0	0	0	0	0	2	0	0	0	0	0
__id__427-co	0	0	2	0	0	0	0	0	2	0	0	0
__id__428-co	0	0	0	0	0	0	2	0	0	0	2	0
__id__429-co	0	0	0	2	0	0	0	0	1	0	0	0
__id__430-co	1	0	0	0	0	0	0	2	1	0	0	0
__id__431-co	0	2	0	0	0	0	0	0	1	0	0	0
__id__432-co	0	0	0	0	0	2	0	0	1	0	0	0
__id__433-co	0.5	0	1	0	0	0	2	0	0	0	0	0
__id__434-ac	0	0	0	1	2	0	0	0	0	0	0	0
__id__435-org	0	0	0	0	0	1	2	0	0	0	2	0
__id__436-co	0	0	0	0	0	0	2	0	0	0	2	0
__id__437-ac	0	0	1	0	2	0	0	0	1	0	0	0
__id__438-ac	0	0	2	0	0.5	0	0	0	0	0	0	0
__id__439-co	0	0	2	0	0	0	0	0	0	0	0	0
__id__440-net	0	0	2	0	0	0	1	0	0	0	0	0
__id__441-co	0	0	0	0	0	0	0	0	0	2	0	0
__id__442-co	0	0	0	0	0	1	0	0	0	2	0	0
__id__443-co	0	0	0	0	0	0	2	0	0.5	0	0	0
__id__444-ac	0	0	0	0	0	0	0	2	0	0	0	0
__id__445-co	1	0	0	2	0	0	0	1	0	0	0	0
__id__446-org	1	0	0	2	0	0	0	0	0	0	0	0
__id__447-co	0	0	2	0	0	0	0	0	0	0	0	0
__id__448-ac	0	0	0	0	0	0	0	2	0	0	0	0
__id__449-co	0	0	0	0	0	0	0	0	2	0	0	0
__id__450-co	0	0	0	2	0	0	0	0	0	0	0	0
__id__451-co	0	0	0	0	0	0	0	0	2	0	0	0
__id__452-co	0	0	0	2	0	0	0	0	0	0	0	0
__id__453-org	2	0	0	0	0	0	0	0	0	0	0	0
__id__454-ac	0	0	0	2	0	0	0	0	0	0	0	0
__id__455-co	0	0	0	0	0	0	2	0	0	0	1	0
__id__456-co	0	0	0	2	0	0	0	0	0	0	0	0
__id__457-org	0	0	0	2	0	0	0	0	0	0	0	0
__id__458-co	0	0	0	2	0	0	1	0	0	0	0	0
__id__459-ac	0	0	2	0	0	0	0	0	0	0	0	0
__id__460-parliament	0	0	0	0	2	2	0	0	0	0	0	0
__id__461-co	0	0	0	0	0	0	2	0	0	0	0	0
__id__462-co	1	0	0	0	0	0	0	0	2	0	0	0
__id__463-co	0	0	0	0	0	0	2	0	0	0	0	0
__id__464-co	1	0	0	0	0	0	2	0	0	0	0	0
__id__465-co	1	0	0	2	0	0	0	0	1	0	0	0
__id__466-ac	0	0	0	0	0	0	0	0	0	0	0	2
__id__467-co	2	0	0	2	0	0	0	0	0	0	0	0
__id__468-co	0	0	0	0	0	0	2	0	0	0	0	0
__id__469-org	0	0	0	0	0	0	2	0	0	0	0	0
__id__470-co	0	0	0	0	0	0	2	0	0	0	0	0
__id__471-co	0	0	0	0	0	0	2	0	0	0	0	0
__id__472-org	0	2	0	0	0	0	0	0	0	0	0	0
__id__473-co	0	0	0	0	0	0	2	0	0	0	0	0
__id__474-org	2	0	0	1	0	0	0	0	0	0	0	0
__id__475-org	0	0	1	0	2	0	0	0	0	0	0	0
__id__476-co	0	0	0	2	0	0	0	0	0	0	0	0
__id__477-co	0	0	0	0	0	0	0.5	0	2	0.5	0	0
__id__478-co	0	0	0	0	2	0	0	0	0	0	0	0
__id__479-org	2	0	0	0	0	0	1	0	0	0	1	0
__id__480-co	0	0	2	0	0	0	1	0	0	0	0	0
__id__481-co	0	0	0	0	0	0	2	0	1	0	0	0
__id__482-org	2	0	0	0	0	1	0	0	0	0	0	0
__id__483-org	0	0	0.5	0	2	0	0	0	1	0	0	0
__id__484-co	2	0	0	0	0	0	0	0	0	0	0	0
__id__485-co	0	0	0	0	0	0	2	0	0	0	0	0
__id__486-co	0	0	0	0	0	0	2	0	0	0	0	0
__id__487-ac	0	0	0	0	0	0	2	0	1	0	0	0
__id__488-co	0	0	2	0	0	0	0	0	0	0	0	0
__id__489-co	0	0	0	0	0	0	0	0	2	0	0	0
__id__490-org	2	0	0	0	0	0	0	0	0	0	0	0
__id__491-co	0	0	2	0	0	0	0.5	0	0	0	0	0
__id__492-co	0	0	0	2	0	0	0	0	0	0	0	0
__id__493-co	0	0	0	2	0	0	0	0	0	0	0	0
__id__494-co	0	0	0	2	0	0	0	0	0	0	0	0
__id__495-co	0	0	0	2	0	0	0	0	0	0	0	0
__id__496-co	0	0	0	2	0	0	0	0	0	0	0	0
__id__497-co	0	0	0	2	0	0	0	0	0	0	0	0
__id__498-co	0	0	0	2	0	0	0	0	0	0	0	0
__id__499-co	0	0	0	2	0	0	0	0	0	0	0	0
__id__500-co	0	0	0	2	0	0	0	0	0	0	0	0
__id__501-co	0	0	0	2	0	0	0	0	0	0	0	0
__id__502-co	0	0	0	2	0	0	0	0	0	0	0	0
__id__503-co	0	0	0	2	0	0	0	0	0	0	0	0
__id__504-feedfury	0	0	1	0	0	0	1	0	0	0	0	2
__id__505-sytes	0	0	0.5	0	0	0	0.5	0	0	0	0	2
__id__506-com	0	0	0.5	0	0	0	0.5	0	0.5	0	0	2
__id__507-edu	0	0	0.5	0	0	0	1	0	0	0	0	2
__id__508-5chre	0	0	0.5	0	0	0	1	0	1	0	0	2
__id__509-kontraktunet	0	0	1	0	0	0	0	0	0	0	0	2
__id__510-instant-auto-loans	0	0	0.5	0	0	0	1	0	0	0	0	2
__id__511-updatestill-however	0	0	1	0	0	0	0	0	0	0	0	2
__id__512-baokelong1	0	0	0.5	0	0	0	0.5	0	1	0	0	2
__id__513-intimno-zdravlje-zene	0	0	1	0	0	0	1	0	0	0	0	2
__id__514-berttassoni	0	0	0	0	0	0	0	0.5	1	0	0	2
__id__515-loansfaqs	0	0	0	0	0	0	0.5	0	0.5	0	0	2
__id__516-lachiavedigiano	0	0	0	0	0	0	0	0	0	0	0	2
__id__517-digistormz	0	0	1	0	0	0	1	0	1	0	0	2
__id__518-clearbadcredit	0	0	2	0	0	0	1	0	0	0	0	1
__id__519-7thgear	0	0	1	0	0	0	1	0	1	0	0	2
__id__520-badcreditloanspros	0	0	0.5	0	0	0	0.5	0	1	0	0	2
__id__521-solve-up	0	0	2	0	0	0	1	0	0	0	0	1
__id__522-jomfruanegade	0	0	2	0	0	0	1	0	0	0	0	1
__id__523-forbearrance	0	0	2	0	0	0	0.5	0	1	0	0	1
__id__524-pay-day-loan	0	0	0	0	0	0	2	0	0	0	0	2
__id__525-therapup	0	0	0.5	0	0	0	1	0	0	0	0	2
__id__526-mikelglass	0	0	0	0	0	0	1	0	0.5	0	0	2
__id__527-therapup	0	0	0.5	0	0	0	1	0	0.5	0	0	2
__id__528-mikelglass	0	0	0.5	0	0	0	1	0	0	0	0	2
__id__529-unsure1	0	0	0	0	0	0	2	0	0	0	0	2
__id__530-unsure2	0	0	0	0	0	0	2	0	0	0	0	2
__id__531-unsure3	0	0	0	0	0	0	2	1	0	0	0	2
__id__532-unsure4	0	0	0	0	0	0	2	0	0	0	0	2
__id__533-apbahome	0	0	0	0	0	0	0	0.5	0.5	0	0	2
__id__534-scottsparling	0	0	0	0	0	0	2	0	0	0	0	2
__id__535-apbahome	0	0	0	0	0	0	0	0.5	0.5	0	0	2
__id__536-apbahome	0	0	0	0	0	0	0	0.5	0.5	0	0	2
__id__537-apbahome	0	0	0	0	0	0	0.5	0.5	0.5	0	0	2
__id__538-buildthewheel	0	0	0	0	0	0	1	0	0	0	0	2
__id__539-apbahome	0	0	0	0	0	0	0.5	0.5	0.5	0	0	2
__id__540-scottsparling	0	0	0	0	0	2	0	0.5	0	0	0	2
__id__541-scottsparling	0	0	0	0	0	0	0	0	0	0	0	2
__id__542-apbahome	0	0	0	0	0	0	0	0.5	0.5	0	0	2
__id__543-apbahome	0	0	0	0	0	0	0	0.5	0.5	0	0	2
__id__544-scottsparling	0	0	0	0	0	0	1	0	0	0	0	2
__id__545-apbahome	0	0	0	0	0	0	1	0.5	0.5	0	0	2
__id__546-apbahome	0	0	0	0	0	0	0	0.5	0.5	0	0	2
__id__547-apbahome	0	0	0	0	0	0	0.5	0.5	0.5	0	0	2
__id__548-apbahome	0	0	0	0	0	0	0.5	0.5	0.5	0	0	2
__id__549-apbahome	0	0	0	0	0	0	0	0.5	0.5	0	0	2
__id__550-apbahome	0	0	0	0	0	0	0	0.5	0.5	0	0	2
__id__551-scottsparling	0	0	0	0	0	0	0	0.5	0	0	0	2
__id__552-scottsparling	0	0	0	0	0	0	0	0	0	0	0	2
__id__553-apbahome	0	0	0	0	0	0	0.5	0.5	0.5	0	0	2
__id__554-apbahome	0	0	0	0	0	0	0	0.5	0.5	0	0	2
__id__555-bigaustin	0	0	0	0	0	0	2	0	0	0	0	2
__id__556-bigaustin	0	0	0	0	0	0	2	0	0	0	0	2
__id__557-bigaustin	0	0	0	0	0	0	1	0	0	0	0	2
__id__558-bigaustin	0	0	0	0	0	0	1	0	0	0	0	2
__id__559-bigaustin	0	0	0	0	0	0	1	0	0	0	0	2
__id__560-bigaustin	0	0	0	0	0	0	0	0.5	0	0	0	2
__id__561-bigaustin	0	0	0	0	0	0	1	0	0	0	0	2
__id__562-bigaustin	0	0	0	0	0	0	2	0	0	0	0	2
__id__563-bigaustin	0	0	0	0	0	0	1	0	0	0	0	2
__id__564-bigaustin	0	0	0	0	0	0	1	0	0	0	0	2
__id__565-bigaustin	0	0	0	0	0	0	1	0	0	0	0	2
__id__566-bigaustin	0	0	0	0	0	0	2	0	0	0	0	2
__id__567-bigaustin	0	0	0	0	0	0	2	0	0	0	0	2
__id__568-bigaustin	0	0	0	0	0	0	2	0	0	0	0	2
__id__569-bigaustin	0	0	1	0	0	0	0	0	0	0	0	2
__id__570-bigaustin	0	0	0	0	0	0	0	0	0	0	0	2
__id__571-bigaustin	0	0	0	0	0	0	0	0	0	0	0	2
__id__572-bigaustin	0	0	0	0	0	0	1	0	0	0	0	2
__id__573-anadolumetal	0	0	0	0	0	0	0	0	0	0	0	2
__id__574-numberless	0	0	0	0	0	0	0	0	0	0	0	2
__id__575-edu	0	0	0	0	0	0	0	0	0	0	0	2
__id__576-baroks-schachtabdeckungen	0	0	0	0	0	0	0	0	0	0	0	2
__id__577-jalisco	0	0	0	0	0	0	0	0	0	0	0	2
__id__578-ruv	0	0	0	0	0	0	0	0	0	0	0	2
__id__579-kevenparker	0	0	0	0	0	0	0	0	0	0	0	2
__id__580-elettrodigit	0	0	0	0	0	0	0	0	0	0	0	2
__id__581-buoiholo	0	0	0	0	0	0	0	0	0	0	0	2
__id__582-elettrodigit	0	0	0	0	0	0	0	0	0	0	0	2
__id__583-intermobel	0	0	0	0	0	0	0	0	0	0	0	2
__id__584-ancpalagiano	0	0	0	0	0	0	0	0	0	0	0	2
__id__585-edu	0	0	0	0	0	0	0	0	0	0	0	2
__id__586-numberless	0	0	0	0	0	0	0	0	0	0	0	2
__id__587-ac	0	0	0	0	0	0	0	0	0	0	0	2
__id__588-ac	0	0	0	0	0	0	0	0	0	0	0	2
__id__589-thebolthole	0	2	0	0	0	0	0	0	0	0	0	0
__id__590-elbierzoatope	0	1	0	0	0	0	0	0	0	0	0	2
__id__591-schlagr	0	0.5	0	0	0	0	0	0	0	0	0	2
__id__592-buoiholo	0	0	0	0	0	0	0	0	0	0	0	2
__id__593-tv	0	0	0	0	0	0	0	0	0	0	0	2
__id__594-boloto	0	0	0	0	0	0	0	0.5	0	0	0	2
__id__595-autoinsurancecav	0	0	0	0	0	0	0	0	0	0	0	2
__id__596-coalport	0	0	0	0	0	0	0	0	0	0	0	2
__id__597-thietbisuoiam	0	0	0	0	0	0	0	0	0	0	0	2
__id__598-scottsparling	0	0	0	0	0	1	0	0	0	0	0	2
__id__599-scottsparling	0	0	0	0	0	1	0	0	0	1	0	2
__id__600-scottsparling	0	0	0	0	0	2	0	0	0	0	0	2
__id__601-scottsparling	0	0	0	0	0	1	0	0	0	0	0	2
__id__602-scottsparling	0	0	0	0	0	1	0	0	0	0	0	2
__id__603-scottsparling	0	0	0	0	0	1	0	0	0	0	0	2
__id__604-scottsparling	0	0	0	0	0	1	0	0	0	0	0	2
__id__605-apbahome	0.5	0	2	0	0	0	1	0	0	0	1	0
__id__606-buildthewheel	2	0	0	0	0	0	0	0	0	0	0	0
__id__607-scottsparling	0	0	0.5	0	0	2	0	0	0	0	0	0
__id__608-scottsparling	0	0	0	0	0	2	0	0	2	0	0	0
__id__609-scottsparling	0	0	0	0	0	0	0	0	0	0	0	2
__id__610-buildthewheel	2	0	0	0	0	0	1	0	1	0	0	0
__id__611-org	0	0	0	0	0	2	0	0	0	0	0	0
__id__612-org	0	0	0	0	0	2	0	0	0	0	0	0
__id__613-co	0	0	0	0	0	2	0	0	0	0	0	0
__id__614-org	0	0	0	0	0	2	0	0	0	0	0	0
__id__615-co	0	0	0	0	0	2	0	0	0	0	0	0
__id__616-org	0	0	0	0	0	2	0	0	0	0	0	0
__id__617-co	0	0	0	0	0	2	0	0	0	0	0	0
__id__618-co	0	0	0	0	0	2	0	0	0	0	0	0
__id__619-co	0	0	0	0	0	2	0	0	0	0	0	0
__id__620-org	0	0	0	0	0	2	0	0	0	0	0	0
__id__621-org	0	0	0	0	0	2	0	0	0	0	0	0
__id__622-org	0	0	0	0	0	2	0	0	0	0	0	0
__id__623-co	0	0	0	0	0	2	0	0	0	0	0	0
__id__624-org	0	0	0	0	0	2	0	0	0	0	0	0
__id__625-co	0	0	0	0	0	2	0	0	0	0	0	0
__id__626-co	0	0	0	0	0	2	0	0	0	0	0	0
__id__627-org	0	0	0	0	0	2	0	0	0	0	0	0
__id__628-co	0	0	0	0	0	2	0	0	0	0	0	0
__id__629-org	0	0	0	0	0	2	0	0	0	0	0	0
__id__630-co	2	0	0	0	0	2	0	0	0	0	0	0
__id__631-co	0	0	0	0	0	2	0	0	0	0	0	0
__id__632-co	0	0	0	0	0	2	0	0	0	0	0	0
__id__633-org	0	0	0	0	0	2	0	0	0	0	0	0
__id__634-co	2	0	0	0	0	2	0	0	0	0	0	0
__id__635-co	0	0	0	0	0	2	0	0	0	0	0	0
__id__636-co	0	0	0	0	0	2	0	0	0	0	0	0
__id__637-co	0	0	0	0	0	2	0	0	0	0	0	0
__id__638-org	0	0	0	0	0	2	0	0	0	0	0	0
__id__639-org	0	0	0	0	0	2	0	0	0	0	0	0
__id__640-org	0	0	0	0	0	2	0	0	0	0	0	0
__id__641-co	0	0	0	0	0	2	0	0	0	0	0	0
__id__642-co	0	0	0	0	0	2	0	0	0	0	0	0
__id__643-org	0	0	0	0	0	2	1	0	0	0	1	0
__id__644-org	0	0	0	0	0	2	0	0	0	0	0	0
__id__645-org	0	0	0	0	0	2	0	0	0	0	0	0
__id__646-sch	0	0	0	0	0	2	0	0	0	0	0	0
__id__647-co	0	0	0	0	0	2	0	0	0	0	0	0
__id__648-org	0	0	0	0	0	2	0	0	0	0	0	0
__id__649-sch	0	0	0	0	0	2	0	0	0	0	0	0
__id__650-org	0	0	0	0	0	2	0	0	0	0	0	0
__id__651-co	0	0	0	0	0	2	0	0	0	0	0	0
__id__652-org	0	0	0	0	0	2	0	0	0	2	0	0
__id__653-co	0	0	0	0	0	2	0	0	0	0	0	0
__id__654-co	0	0	0	0	0	2	0	0	0	0	0	0
__id__655-co	0	0	0	0	0	2	0	0	0	0	0	0
__id__656-org	0	0	0	0	0	2	0	0	0	0	0	0
__id__657-co	0	0	0	0	0	2	0	0	0	0	0	0
__id__658-org	0	0	0	0	0	2	0	0	0	0	0	0
__id__659-co	0	0	0	0	0	0	2	0	0	0	0	0
__id__660-co	0	0	0	0	0	0	2	0	0	0	0	0
__id__661-gov	0	0	0	0	0	0	2	0	0	0	0	0
__id__662-plc	0	0	0	0	0	0	2	0	0	0	0	0
__id__663-ac	0	0	0	0	0	0	2	0	0	0	0	0
__id__664-co	0	0	0	0	0	0	2	0	0	0	0	0
__id__665-org	0	0	0	0	0	0	2	0	0	0	0	0
__id__666-co	0	0	0	0	0	0	2	0	0	0	0	0
__id__667-co	0	0	0	0	0	0	2	0	0	0	0	0
__id__668-co	0	0	0	0	0	0	2	0	0	0	0	0
__id__669-org	0	0	0	0	0	0	2	0	0	0	0	0
__id__670-co	0	0	0	0	0	0	2	0	0	0	0	0
__id__671-co	0	0	0	0	0	0	2	0	0	0	0	0
__id__672-co	0	0	0	0	0	0	2	0	0	0	0	0
__id__673-gov	0	0	0	0	0	0	2	0	0	0	0	0
__id__674-org	0	0	0	0	0	0	2	0	0	0	0	0
__id__675-co	0	0	0	0	0	0	2	0	0	0	0	0
__id__676-co	0	0	0	0	0	0	2	0	0	0	0	0
__id__677-co	0	0	0	0	0	0	2	0	0	0	0	0
__id__678-co	0	0	0	0	0	0	2	0	0	0	0	0
__id__679-co	0	0	0	0	0	0	2	0	0	0	0	0
__id__680-co	0	0	0	0	0	0	2	0	0	0	0	0
__id__681-co	0	0	0	0	0	0	2	0	0	0	0	0
__id__682-stt-global	0	0	0	0	0	0	2	0	0	0	0	0
__id__683-co	0	0	0	0	0	0	2	0	0	0	0	0
__id__684-co	0	0	0	0	0	0	2	0	0	0	0	0
__id__685-co	0	0	0	0	0	0	2	0	0	0	0	0
__id__686-co	0	0	0	0	0	0	2	0	0	0	0	0
__id__687-co	0	0	0	0	0	0	2	0	0	0	0	0
__id__688-gov	0	0	0	0	0	0	2	0	0	0	0	0
__id__689-co	0	0	0	0	0	0	2	0	0	0	0	0
__id__690-co	0	0	0	0	0	0	2	0	0	0	0	0
__id__691-co	0	0	0	0	0	0	2	0	0	0	0	0
__id__692-co	0	0	0	0	0	0	2	0	0	0	0	0
__id__693-co	0	0	0	0	0	0	2	0	0	0	0	0
__id__694-co	0	0	0	0	0	0	2	0	0	0	0	0
__id__695-co	0	0	0	0	0	0	2	0	0	0	0	0
__id__696-co	0	0	0	0	0	0	2	0	0	0	0	0
__id__697-co	0	0	0	0	0	0	2	0	0	0	0	0
__id__698-co	0	0	0	0	0	0	2	0	0	0	0	0
__id__699-co	0	0	0	0	0	0	2	0	0	0	0	0
__id__700-co	0	0	0	0	0	0	2	0	0	0	0	0
__id__701-co	0	0	0	0	0	0	2	0	0	0	0	0
__id__702-co	0	0	0	0	0	0	2	0	0	0	0	0
__id__703-co	0	0	0	0	0	0	2	0	0	0	0	0
__id__704-co	0	0	0	0	0	0	2	0	0	0	0	0
__id__705-co	0	0	0	0	0	0	2	0	0	0	0	0
__id__706-co	0	0	0	0	0	0	2	0	0	0	0	0
__id__707-co	0	0	0	0	0	0	2	0	0	0	0	0
__id__708-co	0	0	0	0	0	0	2	0	0	0	0	0
__id__709-co	2	0	0	0	0	0	0	0	0	0	0	0
__id__710-co	2	0	0	0	0	0	0	0	0	0	0	0
__id__711-org	2	0	0	0	0	0	0	0	0	0	0	0
__id__712-org	2	0	0	0	0	0	0	0	0	0	0	0
__id__713-co	2	0	0	0	0	0	0	0	0	0	0	0
__id__714-gov	2	0	0	0	0	0	0	0	0	0	0	0
__id__715-ac	2	0	0	0	0	0	0	0	0	0	0	0
__id__716-org	2	0	0	0	0	0	0	0	0	0	0	0
__id__717-org	2	0	0	0	0	0	0	0	0	0	0	0
__id__718-org	2	0	0	0	0	0	0	0	0	0	0	0
__id__719-co	2	0	0	0	0	0	1	0	0	0	1	0
__id__720-org	0	0	0	0	0	0	0	0	2	0	0	0
__id__721-ac	2	0	0	0	0	0	0	0	0	0	0	0
__id__722-co	2	0	0	0	0	0	0	0	0	0	0	0
__id__723-org	2	0	0	1	0	0	0	0	0	0	0	0
__id__724-ac	2	0	0	0	0	0	0	0	0	0	0	0
__id__725-org	2	0	0	0	0	0	0	0	0	0	0	0
__id__726-ac	2	0	0	0	0	0	0	0	0	0	0	0
__id__727-co	2	0	0	0	0	0	0	0	0	0	0	0
__id__728-org	2	0	0	0	0	0	0	0	0	0	0	0
__id__729-ac	2	0	0	0	0	0	0	0	0	0	0	0
__id__730-co	2	0	0	0	0	0	0	0	0	0	0	0
__id__731-org	2	0	0	0	0	0	0	0	0	0	0	0
__id__732-org	2	0	0	0	0	0	0	0	0	0	0	0
__id__733-org	2	0	0	0	0	0	0	0	0	0	0	0
__id__734-co	2	0	0	0	0	0	0	0	0	0	0	0
__id__735-sch	2	0	0	0	0	0	0	0	0	0	0	0
__id__736-org	2	0	0	0	0	0	0	0	0	0	0	0
__id__737-co	2	0	0	0	0	0	0	0	0	0	0	0
__id__738-gov	2	0	0	0	0	0	0	0	0	0	0	0
__id__739-co	2	0	0	0	0	0	0	0	0	0	0	0
__id__740-org	2	0	0	0	0	0	0	0	0	0	0	0
__id__741-org	2	0	0	0	0	0	0	0	0	0	0	0
__id__742-gov	2	0	0	0	0	0	0	0	0	0	0	0
__id__743-org	2	0	0	0	0	0	0	0	0	0	0	0
__id__744-ac	2	0	0	0	0	0	0	0	0	0	0	0
__id__745-org	2	0	0	0	0	0	0	0	0	0	0	0
__id__746-co	2	0	0	0	0	0	0	0	0	0	0	0
__id__747-org	2	0	0	0	0	0	0	0	0	0	0	0
__id__748-org	2	0	0	0	0	0	0	0	0	0	0	0
__id__749-org	2	0	0	0	0	0	0	0	0	0	0	0
__id__750-org	2	0	0	0	0	0	0	0	0	0	0	0
__id__751-org	2	0	0	0	0	0	0	0	0	0	0	0
__id__752-org	2	0	0	0	0	0	0	0	0	0	0	0
__id__753-co	2	0	0	0	0	0	0	0	0	0	0	0
__id__754-co	2	0	0	0	0	0	0	0	0	0	0	0
__id__755-gov	2	0	0	0	0	0	0	0	0	0	0	0
__id__756-org	2	0	0	0	0	0	0	0	0	0	0	0
__id__757-org	2	0	0	0	0	0	0	0	0	0	0	0
__id__758-org	2	0	0	0	0	0	0	0	0	0	0	0
__id__759-ac	0	0	0	0	0	0	0	2	0	0	0	0
__id__760-ac	0	0	0	0	0	0	0	2	0	0	0	0
__id__761-ac	0	0	0	0	0	0	0	2	0	0	0	0
__id__762-ac	0	0	0	0	0	1	0	2	0	0	0	0
__id__763-ac	0	0	0	0	0	0	0	2	0	0	0	0
__id__764-ac	0	0	0	0	0	0	0	2	0	0	0	0
__id__765-co	0	0	0	0	0	0	0	2	0	0	0	0
__id__766-ac	0	0	0	0	0	0	0	2	0	0	0	0
__id__767-ac	0	0	0	0	0	0	0	2	0	0	0	0
__id__768-co	0	0	0	1	0	0	0	2	0	0	0	0
__id__769-org	0	0	0	0	0	0	0	2	0	0	0	0
__id__770-ac	0	0	0	0	0	0	0	2	0	0	0	0
__id__771-ac	0	0	0	0	0	0	0	2	0	0	0	0
__id__772-ac	0	0	0	0	0	0	0	2	0	0	0	0
__id__773-org	0	0	0	0	0	0	0	2	0	0	0	0
__id__774-ac	0	0	0	0	0	0	0	2	0	0	0	0
__id__775-ac	0	0	0	0	0	0	0	2	0	0	0	0
__id__776-ac	0	0	0	0	0	0	0	2	0	0	0	0
__id__777-ac	0	0	0	0	0	0	0	2	0	0	0	0
__id__778-ac	0	0	0	0	0	0	0	2	0	0	0	0
__id__779-ac	0	0	0	0	0	0	0	2	0	0	0	0
__id__780-ac	0	0	0	0	0	0	0	2	0	0	0	0
__id__781-ac	0	0	0	0	0	0	0	2	0	0	0	0
__id__782-gov	0	0	0	0	0	0	0	2	1	0	0	0
__id__783-ac	0	0	0	0	0	0	0	2	0	0	0	0
__id__784-co	0	0	0	0	0	0	0	2	1	0	0	0
__id__785-ac	0	0	0	0	0	0	0	2	0	0	0	0
__id__786-ac	0	0	0	0	0	0	0	2	0	0	0	0
__id__787-ac	0	0	0	0	0	0	0	2	0	0	0	0
__id__788-ac	0	0	0	0	0	0	0	2	0	0	0	0
__id__789-org	1	0	0	0	0	0	0.5	2	0	0	0	0
__id__790-ac	0	0	0	0	0	0	0	2	0	0	0	0
__id__791-ac	0	0	0	0	0	0	0	2	0	0	0	0
__id__792-ac	0	0	0	0	0	0	0	2	0	0	0	0
__id__793-ac	0	0	0	0	0	0	0	2	0	0	0	0
__id__794-ac	0	0	0	0	0	0	0	2	0	0	0	0
__id__795-ac	0	0	0	0	0	0	0	2	0	0	0	0
__id__796-ac	0	0	0	0	0	0	0	2	0	0	0	0
__id__797-ac	0	0	0	0	0	0	0	2	0	0	0	0
__id__798-org	1	0	0	0	0	0	0	0	2	0	0	0
__id__799-co	0	0	0	0	0	0	0	0	2	0	0	0
__id__800-ac	0	0	0	0	0	0	0	0	2	0	0	0
__id__801-org	0	0	0	0	0	0	0	0	2	0	0	0
__id__802-ac	0	0	0	0	0	0	0	1	2	0	0	0
__id__803-ac	0	0	0	0	0	0	0	1	2	0	0	0
__id__804-co	0	0	0	0	0	0	0	0	2	0	0	0
__id__805-ac	0	0	0	0	0	0	0	0	2	0	0	0
__id__806-org	0	0	0	0	0	0	0	0	2	0	0	0
__id__807-org	0	0	0	0	0	0	0	0	2	0	0	0
__id__808-ac	0	0	0	0	0	0	0	0	2	0	0	0
__id__809-ac	0	0	0	0	0	0	0	0	2	0	0	0
__id__810-org	0	0	0	0	0	0	0	0	2	0	0	0
__id__811-ac	0	0	0	0	0	0	0	1	2	0	0	0
__id__812-gov	0	0	0	0	0	0	0	0	2	0	0	0
__id__813-org	0	0	0	0	0	0	0	0	2	0	0	0
__id__814-org	0	0	0	0	0	0	0	0	2	0	0	0
__id__815-ac	0	0	0	0	0	0	0	0	2	0	0	0
__id__816-org	0	0	0	0	0	0	0	0	2	0	0	0
__id__817-ac	0	0	0	0	0	0	0	0	2	0	0	0
__id__818-ac	0	0	0	0	0	0	0	0	2	0	0	0
__id__819-org	0	0	0	0	0	0	0	0	2	0	0	0
__id__820-org	0	0	0	0	0	0	0	0	2	0	0	0
__id__821-co	0	0	0	0	0	0	0	0	2	0	0	0
__id__822-nhs	0	0	0	0	0	0	0	0	2	0	0	0
__id__823-co	0	0	0	0	0	0	0	0	2	0	0	0
__id__824-co	0	0	0	0	0	0	0	0	2	0	0	0
__id__825-co	0	0	0	0	0	0	0	0	2	0	0	0
__id__826-ac	0	0	0	0	0	0	0	0	2	0	0	0
__id__827-co	0	0	0	0	0	0	0	0	2	0	0	0
__id__828-co	0	0	0	0	0	0	0	0	2	0	0	0
__id__829-co	0	0	0	0	0	0	0	0	2	0	0	0
__id__830-ac	0	0	0	0	0	0	0	0	2	0	0	0
__id__831-org	0	0	0	0	0	0	0	0	2	0	0	0
__id__832-org	0	0	0	0	0	0	0	0	2	0	0	0
__id__833-sch	0	0	0	0	0	0	0	0	2	0	0	0
__id__834-co	0	0	0	0	0	0	0	0	0	2	0	0
__id__835-co	0	0	0	0	0	0	0	0	1	2	0	0
__id__836-co	0	0	0	0	0	0	0	0	0	2	0	0
__id__837-co	0	0	0	0	0	0	0	0	0	2	0	0
__id__838-co	0	0	0	0	0	0	0	0	0	2	0	0
__id__839-org	0	0	0	0	0	0	0	0	0	2	0	0
__id__840-co	0	0	0	0	0	0	0	0	0	2	0	0
__id__841-co	0	0	0	0	0	0	0	0	0	2	0	0
__id__842-org	0	0	0	0	0	0	0	0	0	2	0	0
__id__843-co	0	0	0	0	0	0	0	0	0	2	0	0
__id__844-co	0	0	0	0	0	0	0	1	0	2	0	0
__id__845-co	2	0	0	0	0	0.5	0	0.5	0	0	0	0
__id__846-co	2	0	0.5	0	0	0.5	0	0	0	0	0	0
__id__847-org	2	0	0	0.5	0	0	0	0	0	0	0	0
__id__848-co	2	0	0.5	0	0.5	0	0	0.5	0	0	0	0
__id__849-org	2	0	0	0.5	0	1	0	0	0	0	0	0
__id__850-org	2	0	0	0.5	0	0.5	0	0	0	0	0	0
__id__851-co	2	0	0.5	0.5	0	0	0	0	0	0	0	0
__id__852-sch	2	0	0	0	0.5	0.5	0	0	0.5	0	0	0
__id__853-org	2	0	0	0	0	0.5	0	1	0	0	0	0
__id__854-org	2	0	0	0	0	0.5	0.5	0	0	0	0	0
__id__855-org	2	0	0	0	0.5	0.5	0	0.5	0	0	0	0
__id__856-org	2	0	0	0.5	0	0	1	0	0	0	1	0
__id__857-co	2	0	0	0	0	1	0	0.5	0	0	0	0
__id__858-org	2	0	0	0.5	0	0.5	0	0.5	0	0	0	0
__id__859-co	2	0	0	0.5	0	2	0	0	0	0.5	0	0
__id__860-org	2	0	0	0	0	1	0	0	0	0	0	0
__id__861-org	2	0	0	1	0	0	0	0.5	0	0	0	0
__id__862-org	2	0	0	1	0	0.5	0	0.5	0	0	0	0
__id__863-org	2	0	0	0.5	0	1	0	0.5	0	0	0	0
__id__864-co	2	0	0	0	0	0	0	0.5	0.5	0	0	0
__id__865-co	2	0	0	0.5	0	0.5	0	0	0	0	0	0
__id__866-co	2	0	0	0	0	0.5	0	0.5	0	0	0	0
__id__867-org	2	0	0	0	0	0.5	0	0	0	0	0	0
__id__868-org	2	0	0	0	0	0.5	0	0	0.5	0	0	0
__id__869-co	2	0	0	0.5	0	0	0.5	0	0	0	0.5	0
__id__870-ac	2	0	0	0	0	0	0	0.5	0	0	0	0
__id__871-org	2	0	0	0.5	0	0	0	0	0	0	0	0
__id__872-ac	2	0	0	0	0	0	0	2	0	0	0	0
__id__873-co	2	0	0	0	0	0	0	0	0	0	0	0
__id__874-org	2	0	0	0	0	0	2	0	0	0	2	0
__id__875-co	0	0	0	0	0	0	2	0	0	0	2	0
__id__876-co	1	0	0	1	0	0	2	0	0	0	2	0
__id__877-org	1	0	0	0	0	0	2	0	0	0	2	0
__id__878-org	0	0	0	0	0	0	2	0	0	0	2	0
__id__879-co	0	0	0	0	0	0	2	0	0	0	2	0
__id__880-org	0	0	0	0	0	0	2	0	0	0	2	0
__id__881-co	0	0	0	0	0	0	2	0	0	0	2	0
__id__882-org	0	0	0	0	0	0	2	0	0	0	2	0
__id__883-org	0	0	0	0	0	0	2	0	0	0	2	0
__id__884-co	0	0	0	0	0	0	2	0	0	0	2	0
__id__885-co	0	0	0	0	0	0	2	0	0	0	2	0
__id__886-ac	0	0	0	0	0	0	2	0	0	0	2	0
__id__887-org	0	0	0	0	0	0	2	0	0	0	2	0
__id__888-org	0	0	0	0	0	0	2	0	0	0	2	0
__id__889-org	0	0	0	0	0	0	2	0	0	0	2	0
__id__890-org	0	0	0	0	0	0	2	0	0	0	2	0
__id__891-co	0	2	0	0	0	0	0	0	0	0	0	0
__id__892-co	0	2	0	0	0	0	0	0	0	0	0	0
__id__893-co	0	2	0	0	0	0	0	0	0	0	0	0
__id__894-co	0	2	0	0	0	0	0	0	0	0	0	0
__id__895-co	0	2	0	0	0	0	0	0	0	0	0	0
__id__896-co	0	2	0	0	0	0	0	0	0	0	0	0
__id__897-ac	0	2	0	0	0	0	0	0	0	0	0	0
__id__898-co	0	2	0	0	0	0	0	0	0	0	0	0
__id__899-co	0	2	0	0	0	0	0	0	0	0	0	0
__id__900-co	0	2	0	0	0	0	0	0	0	0	0	0
__id__901-co	0	2	0	0	0	0	0	0	0	0	0	0
__id__902-co	0	2	0	0	0	0	0	0	0	0	0	0
__id__903-co	0	2	0	0	0	0	0	0	0	0	0	0
__id__904-co	0	2	0	0	0	0	0	0	0	0	0	0
__id__905-co	0	2	0	0	0	0	0	0	0	0	0	0
__id__906-co	0	2	0	0	0	0	0	0	0	0	0	0
__id__907-co	0	2	0	0	0	0	0	0	0	0	0	0
__id__908-co	0	2	0	0	0	0	0	0	0	0	0	0
__id__909-me	0	2	0	0	0	0	0	0	0	0	0	0
__id__910-co	0	2	0	0	0	0	0	0	0	0	0	0
__id__911-co	0	2	0	0	0	0	0	0	0	0	0	0
__id__912-co	0	2	0	0	0	0	0	0	0	0	0	0
__id__913-ac	0	2	0	0	0	0	0	0	0	0	0	0
__id__914-co	0	2	0	0	0	0	0	0	0	0	0	0
__id__915-co	0	2	0	0	0	0	0	0	0	0	0	0
__id__916-co	0	2	0	0	0	0	0	0	0	0	0	0
__id__917-co	0	2	0	0	0	0	0	0	0	0	0	0
__id__918-ac	0	2	0	0	0	0	0	0	0	0	0	0
__id__919-nhs	0	2	0	0	0	0	0	0	0	0	0	0
__id__920-co	0	2	0	0	0	0	0	0	0	0	0	0
__id__921-co	0	2	0	0	0	0	0	0	0	0	0	0
__id__922-co	0	2	0	0	0	0	0	0	0	0	0	0
__id__923-co	0	2	0	0	0	0	0	0	0	0	0	0
__id__924-co	0	2	0	0	0	0	0	0	0	0	0	0
__id__925-co	0	2	0	0	0	0	0	0	0	0	0	0
__id__926-co	0	2	0	0	0	0	0	0	0	0	0	0
__id__927-co	0	2	0	0	0	0	0	0	0	0	0	0
__id__928-ac	0	2	0	0	0	0	0	0	0	0	0	0
__id__929-co	0	2	0	0	0	0	0	0	0	0	0	0
__id__930-co	0	2	0	0	0	0	0	0	0	0	0	0
__id__931-co	0	2	0	0	0	0	0	0	0	0	0	0
__id__932-co	0	2	0	0	0	0	0	0	0	0	0	0
__id__933-co	0	2	0	0	0	0	0	0	0	0	0	0
__id__934-co	0	2	0	0	0	0	0	0	0	0	0	0
__id__935-org	0	2	0	0	0	0	0	0	0	0	0	0
__id__936-org	0	2	0	0	0	0	0	0	0	0	0	0
__id__937-co	0	2	0	0	0	0	0	0	0	0	0	0
__id__938-co	0	2	0	0	0	0	0	0	0	0	0	0
__id__939-co	0	2	0	0	0	0	0	0	0	0	0	0
__id__940-org	0	0	2	0	0	0	0	0	0	0	0	0
__id__941-co	0	0	2	0	0	0	0	0	0	0	0	0
__id__942-org	0	0	2	0	0	0	0	0	0	0	0	0
__id__943-co	0	0	2	0	0	0	0.5	0	0	0	0	0
__id__944-co	0	0	2	0	0	0	0	0	0	0	0	0
__id__945-co	0	0	2	0	0	0	0	0	0	0	0	0
__id__946-co	0	0	2	0	0	0	0	0	0	0	0	0
__id__947-gov	0	0	2	0	0	0	0	0	0	0	0	0
__id__948-co	0	0	2	0	0	0	0	0	0	0	0	0
__id__949-ac	0	0	2	0	0	0	0	0	0	0	0	0
__id__950-co	0	0	2	0	0	0	0	0	0	0	0	0
__id__951-co	0	0	2	0	0	0	0	0	0	0	0	0
__id__952-org	0	0	2	0	0	0	0	0	0	0	0	0
__id__953-org	0	0	2	0	0	0	0	0	0	0	0	0
__id__954-co	0	0	2	0	0	0	0.5	0	0	0	0	0
__id__955-org	0	0	2	0	0	0	0	0	0	0	0	0
__id__956-co	0	0	2	0	0	0	0	0	0	0	0	0
__id__957-org	0	0	2	0	0	0	0	0	0	0	0	0
__id__958-co	0	0	2	0	0	0	0	0	0	0	0	0
__id__959-co	0	0	2	0	0	0	0.5	0	0	0	0	0
__id__960-co	0	0	2	0	0	0	0	0	0	0	0	0
__id__961-ac	0	0	2	0	0	0	0	0	0	0	0	0
__id__962-org	0	0	2	0	0	0	0	0	0	0	0	0
__id__963-org	0	0	2	0	0	0	0	0	0	0	0	0
__id__964-co	0	0	2	0	0	0	0	0	0	0	0	0
__id__965-gov	0	0	2	0	1	0	0.5	0	0	0	0	0
__id__966-ac	0	0	2	0	0	0	0	0	0	0	0	0
__id__967-ac	0	0	2	0	0	0	0	0	1	0	0	0
__id__968-co	0	0	2	0	0	0	0	0	1	0	0	0
__id__969-co	0	0	2	0	0	0	0	0	0	0	0	0
__id__970-ac	0	0	2	0	0	0	0	0	0	0	0	0
__id__971-org	0	0	2	0	1	0	0	0	0.5	0	0	0
__id__972-co	0	0	2	0	0	0	0	0	0	0	0	0
__id__973-co	0	0	2	0	0	0	0	0	0	0	0	0
__id__974-co	0	0	2	0	0	0	0.5	0	0	0	0	0
__id__975-gov	0	0	2	0	0	0	0	0	0	0	0	0
__id__976-co	0	0	2	0	0	0	0	0	0	0	0	0
__id__977-co	0	0	2	0	0	0	1	0	0	0	0	0
__id__978-ac	0	0	2	0	0	0	0	0	0.5	0	0	0
__id__979-org	0	0	2	0	0	0	0	0	0	0	0	0
__id__980-co	0	0	2	0	0	0	0.5	0.5	0	0	0	0
__id__981-sch	0	0	2	0	0	0	0.5	0	0	0	0	0
__id__982-org	0	0	0	2	0	0	0	0	0	0	0	0
__id__983-org	0	0	0	2	0	0	0	0	0	0	0	0
__id__984-police	0	0	0	2	0	0	0	0	0	0	0	0
__id__985-co	1	0	0	2	0	0	0	0	0	0	0	0
__id__986-co	0	0	0	2	0	0	0	0	0	0	0	0
__id__987-co	0	0	0	2	0	0	0	0	0	0	0	0
__id__988-co	0	0	0	2	0	0	0	0	0	0	0	0
__id__989-co	0	0	0	2	0	0	0	0	0	0	0	0
__id__990-co	0	0	0	2	0	0	0	0	0	0	0	0
__id__991-org	0	0	0	2	0	0	0	0	0	0	0	0
__id__992-co	0	0	0	2	0	0	0	0	0	0	0	0
__id__993-co	0	0	0	2	0	0	0	0	0	0	0	0
__id__994-co	0	0	0	2	0	0	0	0	0	0	0	0
__id__995-org	0	0	0	2	0	0	0	0	0	0	0	0
__id__996-co	0	0	0	2	0	0	0	0	0	0	0	0
__id__997-co	0	0	0	2	0	0	0	0	0	0	0	0
__id__998-co	0	0	0	2	0	0	0	0	0	0	0	0
__id__999-co	0	0	0	2	0	0	0	0	0	0	0	0
__id__1000-co	0	0	0	2	0	0	0	0	0	0	0	0
__id__1001-co	0	0	0	2	0	0	0	0	0	0	0	0
__id__1002-co	0	0	0	2	0	0	0	0	0	0	0	0
__id__1003-org	0	0	0	2	0	0	0	0	0	0	0	0
__id__1004-co	0	0	0	2	0	0	0	0	0	0	0	0
__id__1005-ac	0	0	0	2	0	0	0	0	0	0	0	0
__id__1006-co	0	0	0	2	0	0	0	0	0	0	0	0
__id__1007-co	0	0	0	2	0	0	0	0	1	0	0	0
__id__1008-org	0	0	0	2	0	0	0	0	0	0	0	0
__id__1009-co	0	0	0	2	0	0	0	0	0	0	0	0
__id__1010-gov	0	0	0	2	0	0	0	0	0	0	0	0
__id__1011-co	0	0	0	2	0	0	0	0	0	0	0	0
__id__1012-uclaninternational	0	0	0	2	0	0	0	0	0	0	0	0
__id__1013-co	0	0	0	2	0	0	0	0	0	0	0	0
__id__1014-co	0	0	0	2	0	0	0	0	0	0	0	0
__id__1015-gov	0	0	0	2	0	0	0	0	0	0	0	0
__id__1016-co	0	0	0	2	0	0	0	0	0	0	0	0
__id__1017-co	0	0	0	2	0	0	0	0	0	0	0	0
__id__1018-ac	0	0	0	0	2	0	0	0	0	0	0	0
__id__1019-co	0	0	0	0	2	0	0	0	0	0	0	0
__id__1020-org	0	0	0	0	2	0	0	0	0	0	0	0
__id__1021-gov	0	0	0	0	2	0	0	0	0	0	0	0
__id__1022-co	0	0	0	0	2	0	0	0	0	0	0	0
__id__1023-ac	0	0	0	0	2	0	0	0	0	0	0	0
__id__1024-co	0	0	0	0	2	0	0	0	0	0	0	0
__id__1025-co	0	0	0	0	2	0	0	0	0	0	0	0
__id__1026-gov	0	0	0	0	2	0	0	0	0	0	0	0
__id__1027-co	0	0	0	0	2	0	0	0	0	0	0	0
__id__1028-gov	0	0	0	0	2	0	0	0	0	0	0	0
__id__1029-gov	0	0	0	0	2	0	0	0	0	0	0	0
__id__1030-co	0	0	0	0	2	0	0	0	0	0	0	0
__id__1031-co	0	0	0	0	2	0	0	0	0	0	0	0
__id__1032-gov	0	0	0	0	2	0	0	0	0	0	0	0
__id__1033-gov	0	0	0	0	2	0	0	0	0	0	0	0
__id__1034-ac	0	0	0	0	2	0	0	0	0	0	0	0
__id__1035-co	0	0	0	0	2	0	0	0	0	0	0	0
__id__1036-co	0	0	0	0	2	0	0	0	0	0	0	0
__id__1037-gov	0	0	0	0	2	0	0	0	0	0	0	0
__id__1038-co	0	0	0	0	2	0	0	0	0	0	0	0
__id__1039-org	0	0	0	0	2	0	0	0	0	0	0	0
__id__1040-org	0	0	0	0	2	0	0	0	0	0	0	0
__id__1041-ac	0	0	0	0	2	0	0	0	0	0	0	0
__id__1042-co	0	0	0	0	2	0	0	0	0	0	0	0
__id__1043-gov	0	0	0	0	2	0	0	0	0	0	0	0
__id__1044-co	0	0	0	0	2	0	0	0	0	0	0	0
__id__1045-gov	0	0	0	0	2	0	0	0	0	0	0	0
__id__1046-gov	0	0	0	0	2	0	0	0	1	0	0	0
__id__1047-gov	0	0	0	0	2	0	0	0	0	0	0	0
__id__1048-org	0	0	0	0	2	0	0	0	0	0	0	0
__id__1049-co	0	0	0	0	2	0	0	0	0	0	0	0
__id__1050-gov	0	0	0	0	2	0	0	0	0	0	0	0
__id__1051-org	0	0	0	0	2	0	0	0	0	0	0	0
__id__1052-co	0	0	0	0	2	0	0	0	0	0	0	0
__id__1053-gov	0	0	0	0	2	0	0	0	0	0	0	0
__id__1054-gov	0	0	0	0	2	0	0	0	0	0	0	0
__id__1055-ac	0	0	0	0	2	0	0	0	0	0	0	0
__id__1056-org	0	0	0	0	2	0	0	0	0	0	0	0
__id__1057-co	0	0	0	0	2	0	0	0	0	0	0	0
__id__1058-gov	0	0	0	0	2	0	0	0	0	0	0	0
__id__1059-gov	0	0	0	0	2	0	0	0	0	0	0	0
__id__1060-org	0	0	0	0	2	0	0	0	0	0	0	0
__id__1061-org	0	0	0	0	2	0	0	0	0	0	0	0
__id__1062-co	0	0	0	0	2	0	0	0	0	0	0	0
__id__1063-gov	0	0	0	0	2	0	0	0	0.5	0	0	0
__id__1064-gov	0	0	0.5	0	2	0	0	0	0	0	0	0
__id__1065-co	0	0	0	0	2	0	0	0	0	0	0	0
__id__1066-co	0	0	0	0	2	0	0	0	0	0	0	0
__id__1067-co	0	0	0	0	0	0	0	0	0	0	0	2
__id__1068-co	0	0	0	0	0	0	0	0	0	0	0	2
__id__1069-org	0	0	0	0	0	0	1	0	0	0	0	2
__id__1070-co	0	0	0	0	0	0	1	0	0	0	0	2
__id__1071-co	0	0	0	0	0	0	1	0	0	0	0	2
__id__1072-org	0	0	0	0	0	0	0	0	0	0	0	2
__id__1073-gov	0	0	0	0	0	0	1	0	0	0	0	2
__id__1074-co	0	0	0	0	0	0	0	0	0	0	0	2
__id__1075-gov	0	0	0	0	0	0	0	0	0	0	0	2
__id__1076-ac	1	0	0	0	0	0	0	0	0	0	0	2
__id__1077-org	1	0	0	0	0	0	0	0	0	0	0	2
__id__1078-co	1	0	0	0	0	0	0	0	0	0	0	2
__id__1079-org	0	0	0	0	0	0	0	0	0	0	0	2
__id__1080-org	0	0	0	0	0	0	0	0	0	0	0	2
__id__1081-co	0	0	0	0	0	0	0	0	0	0	0	2
__id__1082-co	0	0	0	0	0	0	0	0	0	0	0	2
__id__1083-co	0	0	0	0	0	0	0	0	0	0	0	2
__id__1084-isocialtish	0	0	0	0	0	2	0	0	0	0	0	0
__id__1085-kaushik	0	0	0	0	0	2	0	0	0	0	0	0
__id__1086-sociologicalscience	0	0	0	0	0	0	0	2	0	0	0	0
__id__1087-sociologicalscience	0	0	0	0	0	0	0	2	0	0	0	0
__id__1088-sociologicalscience	0	0	0	0	0	0	0	2	0	0	0	0
__id__1089-arxiv	0	0	0	0	0	0	0	2	0	0	0	0
__id__1090-arxiv	0	0	0	0	0	0	0	2	0	0	0	0
__id__1091-arxiv	0	0	0	0	0	0	0	2	0	0	0	0
__id__1092-arxiv	0	0	0	0	0	0	0	2	0	0	0	0
__id__1093-arxiv	0	0	0	0	0	0	0	2	0	0	0	0
__id__1094-metajnl	0	0	0	0	0	0	0	2	0	0	0	0
__id__1095-shipwreck	0	0	0	0	0	0	0	2	0	0	0	0
__id__1096-acs	0	0	0	0	0	0	0	2	0	0	0	0
__id__1097-wikipedia	0	0	0	0	0	0	0	0	2	0	0	0
__id__1098-wikipedia	0	0	0	0	0	0	0	0	2	0	0	0
__id__1099-wikipedia	0	0	0	0	0	0	0	0	2	0	0	0
__id__1100-wikipedia	0	0	0	0	0	0	0	0	2	0	0	0
__id__1101-wikipedia	0	0	0	0	0	0	0	0	2	0	0	0
__id__1102-wikipedia	0	0	0	0	0	0	0	0	2	0	0	0
__id__1103-wikipedia	0	0	0	0	0	0	0	0	2	0	0	0
__id__1104-wikipedia	0	0	0	0	0	0	0	0	2	0	0	0
__id__1105-wikipedia	0	0	0	0	0	0	0	0	2	0	0	0
__id__1106-wikipedia	0	0	0	0	0	0	0	0	2	0	0	0
__id__1107-wikipedia	0	0	0	0	0	0	0	0	2	0	0	0
__id__1108-wikipedia	0	0	0	0	0	0	0	0	2	0	0	0
__id__1109-wikipedia	0	0	0	0	0	0	0	0	2	0	0	0
__id__1110-wikipedia	0	0	0	0	0	0	0	0	2	0	0	0
__id__1111-artreview	0	0	0	0	0	0	0	0	0	2	0	0
__id__1112-co	0	0	0	0	0	0	0	0	0	2	0	0
__id__1113-chictopia	0	0	0	0	0	0	0	0	0	2	0	0
__id__1114-chictopia	0	0	0	0	0	0	0	0	0	2	0	0
__id__1115-chictopia	0	0	0	0	0	0	0	0	0	2	0	0
__id__1116-chictopia	0	0	0	0	0	0	0	0	0	2	0	0
__id__1117-co	0	0	0	0	0	0	0	0	0	2	0	0
__id__1118-engadget	0	0	0	0	0	0	0	0	0	2	0	0
__id__1119-engadget	0	0	0	0	0	0	0	0	0	2	0	0
__id__1120-co	0	0	0	0	0	0	0	0	0	2	0	0
__id__1121-co	0	0	0	0	0	0	0	0	0	2	0	0
__id__1122-co	0	0	0	0	0	0	0	0	0	2	0	0
__id__1123-cnet	0	0	0	0	0	0	0	0	0	2	0	0
__id__1124-co	0	0	0	0	0	0	0	0	0	2	0	0
__id__1125-cnet	0	0	0	0	0	0	0	0	0	2	0	0
__id__1126-co	0	0	0	0	0	0	0	0	0	2	0	0
__id__1127-co	0	0	0	0	0	0	0	0	0	2	0	0
__id__1128-artreview	0	0	0	0	0	0	0	0	0	2	0	0
__id__1129-artreview	0	0	0	0	0	0	0	0	0	2	0	0
__id__1130-artreview	0	0	0	0	0	0	0	0	0	2	0	0
__id__1131-artreview	0	0	0	0	0	0	0	0	0	2	0	0
__id__1132-rollingstone	0	0	0	0	0	0	0	0	0	2	0	0
__id__1133-rollingstone	0	0	0	0	0	0	0	0	0	2	0	0
__id__1134-rollingstone	0	0	0	0	0	0	0	0	0	2	0	0
__id__1135-rollingstone	0	0	0	0	0	0	0	0	0	2	0	0
__id__1136-rollingstone	0	0	0	0	0	0	0	0	0	2	0	0
__id__1137-cnet	0	0	0	0	0	0	0	0	0	2	0	0
__id__1138-cnet	0	0	0	0	0	0	0	0	0	2	0	0
__id__1139-cnet	0	0	0	0	0	0	0	0	0	2	0	0
__id__1140-cnet	0	0	0	0	0	0	0	0	0	2	0	0
__id__1141-cnet	0	0	0	0	0	0	0	0	0	2	0	0
__id__1142-engadget	0	0	0	0	0	0	0	0	0	2	0	0
__id__1143-engadget	0	0	0	0	0	0	0	0	0	2	0	0
__id__1144-co	0	0	0	0	0	0	0	0	0	2	0	0
__id__1145-engadget	0	0	0	0	0	0	0	0	0	2	0	0
__id__1146-co	0	0	0	0	0	0	0	0	0	2	0	0
__id__1147-co	0	0	0	0	0	0	0	0	0	2	0	0
__id__1148-cnet	0	0	0	0	0	0	0	0	0	2	0	0
__id__1149-rollingstone	0	0	0	0	0	0	0	0	0	2	0	0
__id__1150-mesacc	2	0	0	0	0	0	0	0	0	0	0	0
__id__1151-mesacc	2	0	0	0	0	0	0	0	0	0	0	0
__id__1152-mesacc	2	0	0	0	0	0	0	0	0	0	0	0
__id__1153-mesacc	2	0	0	0	0	0	0	0	0	0	0	0
__id__1154-mesacc	2	0	0	0	0	0	0	0	0	0	0	0
__id__1155-mesacc	2	0	0	0	0	0	0	0	0	0	0	0
__id__1156-mesacc	2	0	0	0	0	0	0	0	0	0	0	0
__id__1157-custom-essays	2	0	0	0	0	0	0	0	0	0	0	0
__id__1158-custom-essays	2	0	0	0	0	0	0	0	0	0	0	0
__id__1159-custom-essays	2	0	0	0	0	0	0	0	0	0	0	0
__id__1160-custom-essays	2	0	0	0	0	0	0	0	0	0	0	0
__id__1161-custom-essays	2	0	0	0	0	0	0	0	0	0	0	0
__id__1162-custom-essays	2	0	0	0	0	0	0	0	0	0	0	0
__id__1163-custom-essays	2	0	0	0	0	0	0	0	0	0	0	0
__id__1164-custom-essays	2	0	0	0	0	0	0	0	0	0	0	0
__id__1165-custom-essays	2	0	0	0	0	0	0	0	0	0	0	0
__id__1166-custom-essays	2	0	0	0	0	0	0	0	0	0	0	0
__id__1167-custom-essays	2	0	0	0	0	0	0	0	0	0	0	0
__id__1168-custom-essays	2	0	0	0	0	0	0	0	0	0	0	0
__id__1169-custom-essays	2	0	0	0	0	0	0	0	0	0	0	0
__id__1170-edu	2	0	0	0	0	0	0	0	0	0	0	0
__id__1171-co	0	0	0	0	0	0	2	0	0	0	2	0
__id__1172-queendom	0	0	0	0	0	0	2	0	0	0	2	0
__id__1173-wikicfp	0	0	0	0	0	0	2	0	0	0	2	0
__id__1174-tsdconference	0	0	0	0	0	0	2	0	0	0	2	0
__id__1175-lovetoknow	0	0	0	0	0	0	2	0	0	0	2	0
__id__1176-theguardian	0	0	0	0	0	0	2	0	0	0	2	0
__id__1177-theguardian	0	0	0	0	0	0	2	0	0	0	2	0
__id__1178-theguardian	0	0	0	0	0	0	2	0	0	0	2	0
__id__1179-theguardian	0	0	0	0	0	0	2	0	0	0	2	0
__id__1180-theguardian	0	0	0	0	0	0	2	0	0	0	2	0
__id__1181-stlawu	0	0	0	0	0	0	2	0	0	0	2	0
__id__1182	0	0	0	0	0	0	2	0	0	0	2	0
__id__1183-shorewood-hills	0	0	0	0	0	0	2	0	0	0	2	0
__id__1184-coursehero	0	0	1	0	0	0	2	0	2	0	2	0
__id__1185-ltkcdn	0	0	0	0	0	0	2	0	0	0	2	0
__id__1186-ltkcdn	0	0	0	0	0	0	2	0	0	0	2	0
__id__1187-ltkcdn	0	0	0	0	0	0	2	0	0	0	2	0
__id__1188-ltkcdn	0	0	0	0	0	0	2	0	0	0	2	0
__id__1189-brainyquote	0	0	0	0	0	0	2	0	0	0	2	0
__id__1190-quotationspage	0	0	0	0	0	0	2	0	0	0	2	0
__id__1191-org	0	0	0	0	0	0	2	0	0	0	2	0
__id__1192-wikihow	0	0	2	0	0	0	0	0	0	0	0	0
__id__1193-huffingtonpost	2	0	0	0	0	1	0	0	0	0	0	0
__id__1194-lifehack	0	0	2	0	0	0	0	0	0	0	0	0
__id__1195-betterworldcampaign	2	0	2	0	0	0	0	0	0	0	0	0
__id__1196-psychologytoday	0	0	2	0	0	1	0	0	0	0	0	0
__id__1197-achaheart	2	0	0	0	0	0	2	0	0	0	2	0
__id__1198-achaheart	0	0	0	0	0	0	2	0	0	0	2	0
__id__1199-komenmichigan	0	0	0	0	0	0	2	0	0	0	2	0
__id__1200-feedthehungry	0	0	0	0	0	0	2	0	0	0	2	0
__id__1201-feedthehungry	2	0	0	0	0	0	2	0	0	0	2	0
__id__1202-snagajob	0	0	0	0	0	0	2	0	0	0	2	0
__id__1203-bookrix	0	2	0	0	0	0	0	0	0	0	0	0
__id__1204-manualsonline	0	0	2	0	0	0	0	0	0	0	0	0
__id__1205-manualsonline	0	0	2	0	0	0	0	0	0	0	0	0
__id__1206-bioball	0	0	2	0	0	0	0.5	0	0	0	0	0
__id__1207-doriotdent	0	0	2	0	0	0	0	0	0	0	0	0
__id__1208-goaheadtakethewheel	0	0	2	0	0	2	0	0	0	0	0	0
__id__1209-co	0	0	2	0	0	0	0	0	0	0	0	0
__id__1210-irs	0	0	2	0	2	0	0	0	0	0	0	0
__id__1211-exrx	0	0	2	0	0	0	0	0	0	0	0	0
__id__1212-bbc	0	0	0	2	0	0	0	0	0	0	0	0
__id__1213-bbc	0	0	0	2	0	0	0	0	0	0	0	0
__id__1214-bbc	0	0	0	2	0	0	0	0	0	0	0	0
__id__1215-bbc	0	0	0	2	0	0	0	0	0	0	0	0
__id__1216-bbc	0	0	0	2	0	0	0	0	0	0	0	0
__id__1217-bbc	0	0	0	2	0	0	0	0	0	0	0	0
__id__1218-bbc	0	0	0	2	0	0	0	0	0	0	0	0
__id__1219-bbc	0	0	0	2	0	0	0	0	0	0	0	0
__id__1220-bbc	0	0	0	2	0	0	0	0	0	0	0	0
__id__1221-bbc	0	0	0	2	0	0	0	0	0	0	0	0
__id__1222-bbc	0	0	0	2	0	0	0	0	0	0	0	0
__id__1223-bbc	0	0	0	2	0	0	0	0	0	0	0	0
__id__1224-bbc	0	0	0	2	0	0	0	0	0	0	0	0
__id__1225-bbc	0	0	0	2	0	0	0	0	0	0	0	0
__id__1226-gnu	0	0	0	0	2	0	0	0	0	0	0	0
__id__1227-change	0	0	0	0	0	0	2	0	0	0	2	0
__id__1228-thepetitionsite	1	0	0	0	0	0	2	0	0	0	2	0
__id__1229-thepetitionsite	1	0	0	0	0	0	2	0	0	0	2	0
__id__1230-change	1	0	0	0	0	0	2	0	0	0	2	0
__id__1231-change	0	0	0	0	0	0	2	0	0	0	2	0
__id__1232-asiancanadian	0	0	0	2	0	0	0	0	0	0	0	0
__id__1233-healthykidschallenge	0	0	0	0	0	0	2	0	0	0	0	0
__id__1234-ultradiamondtech	0	0	0	2	0	0	0	0	0	0	0	0
__id__1235-foresterpress	2	0	0	2	0	0	0	0	0	0	0	0
__id__1236-co	0	0	0	0	0	0	0	0	2	0	0	0
__id__1237-cfodailynews	2	0	0	0	0	0	0	0	0	0	0	0
__id__1238-sterlingpr	0	0	0	2	0	0	0	0	0	0	0	0
__id__1239-rochesteradvanceddentistry	0	0	0	0	0	0	2	0	0	0	0	0
__id__1240-ezzzv	0	0	0	0	0	0	0	0	0	0	0	2
__id__1241-utahbar	0	0	0	0	0	2	0	2	0	0	0	0
__id__1242-bbrmarketing	2	0	0	0	0	0	0	0	0	0	0	0
__id__1243-retailtouchpoints	2	0	0	0	0	0	0	0	0	0	0	0
__id__1244-contentba	0	0	0	0	0	0	2	0	0	0	0	0
__id__1245-transformed	0	0	0	0	0	0	2	0	0	0	0	0
__id__1246-dwyereducationstrategies	0	0	2	0	0	0	0	0	0	0	0	0
__id__1247-pbslearningmedia	0	0	0	0	0	0	0	0	2	0	0	0
__id__1248-buffaloniagara	0	0	0	2	0	0	0	2	0	0	0	0
__id__1249-mountofknowledge	0	0	0	0	0	0	2	0	0	0	0	0
__id__1250-corporatecomplianceinsights	2	0	0	0	0	0	0	0	0	0	0	0
__id__1251-globalsustain	2	0	0	0	0	0	0	0	0	0	0	0
__id__1252-10kids	0	0	2	0	0	0	0	0	0	0	0	0
__id__1253-tcwn	2	0	0	0	0	0	0	0	0	0	0	0
__id__1254-armstrongsteelbuildings	0	0	0	0	0	0	2	0	0	0	0	0
__id__1255-uptake	0	0	0	0	0	2	0	0	0	2	0	0
__id__1256-free-email-address-search	0	0	2	0	0	0	0	0	0	0	0	0
__id__1257-pdx	0	0	0	0	0	0	2	0	0	0	2	0
__id__1258-boardonly	0	0	0	0	0	0	0	0	2	0	0	0
__id__1259-karachimetropolitan	2	0	2	0	0	0	0	0	0	0	0	0
__id__1260-fizik	0	0	0	2	0	0	0	2	0	0	0	0
__id__1261-fedtechmagazine	2	0	2	0	0	0	0	0	0	0	0	0
__id__1262-bbb	2	0	0	0	0	0	0	0	0	0	0	0
__id__1263-suffolklawreview	0	0	0	0	2	0	0	0	0	0	0	0
__id__1264-bluespiremarketing	0	0	0	0	0	0	2	0	0	0	0	0
__id__1265-xpsl	0	0	0	2	0	0	0	0	0	0	0	0
__id__1266-code-bonus-titan-poker	0	0	2	0	0	0	0	0	0	0	0	0
__id__1267-co	0	0	0	0	0	0	2	0	0	0	0	0
__id__1268-aitelephone	0	0	0	0	0	0	0	0	2	0	0	0
__id__1269-bcs	0	0	0	0	0	0	0	2	0	0	0	0
__id__1270-keystosaferschools	0	0	0	2	0	0	0	0	0	0	0	0
__id__1271-com	0	0	0	0	0	0	2	0	0	0	0	0
__id__1272-porkyfarm	0	0	0	0	0	0	0	0	2	0	0	0
__id__1273-onlinepublications	0	0	0	0	0	0	2	0	0	0	0	0
__id__1274-spirittourism	0	0	0	0	0	0	0	0	2	0	0	0
__id__1275-fightlikeagirlclub	0	0	0	0	0	2	0	0	0	0	0	0
__id__1276-ianridpath	0	0	0	0	0	0	0	0	2	0	0	0
__id__1277-the-landscape-design-site	0	0	0	0	0	0	2	0	0	0	0	0
__id__1278-jardinpuzzles	0	0	2	0	0	0	2	0	0	0	0	0
__id__1279-coatesfamilydental	0	0	0	0	0	0	0	0	0	0	0	2
__id__1280-privacy	2	0	0	0	0	0	0	0	0	0	0	0
__id__1281-planettelex	0	0	0	0	0	2	2	0	0	0	0	0
__id__1282-com	0	0	2	0	0	0	0	0	0	0	0	0
__id__1283-legalteamusa	0	0	0	0	0	0	0	0	2	0	0	0
__id__1284-thelittleprince	0	0	0	0	0	0	2	0	0	0	0	0
__id__1285-caronchiro	0	0	2	0	0	0	0	0	0	0	0	0
__id__1286-filthyrichchiado	0	0	0	0	0	0	0	0	0	0	0	2
__id__1287-rfidbuzz	2	0	0	0	0	0	0	0	0	0	0	0
__id__1288-websuccessagency	0	0	2	0	0	0	0	0	0	0	0	0
__id__1289-coloryourlifehappy	2	0	0	0	0	0	0	0	0	0	0	0
__id__1290-candogo	0	0	2	0	0	0	0	0	0	0	0	0
__id__1291-e-contentmanagement	0	0	0	0	0	0	0	0	0	2	0	0
__id__1292-pravenue	0	0	0	0	0	0	2	0	0	0	0	0
__id__1293-newsecuritylearning	2	0	0	0	0	0	0	0	0	0	0	0
__id__1294-virtuale	0	0	0	0	0	0	0	0	0	0	0	2
__id__1295-gracefulboot	0	0	0	0	0	2	0	0	0	2	0	0
__id__1296-org	0	0	0	0	0	0	2	0	0	0	0	0
__id__1297-7minutestocks	0	0	2	0	0	0	2	0	0	0	0	0
__id__1298-bestcountriestolive	2	0	0	0	0	2	0	0	0	0	0	0
__id__1299-cymeradwyo	2	0	0	0	0	0	0	0	2	0	0	0
__id__1300-asseenontvonsale	0	0	0	0	0	0	2	0	0	0	0	0
__id__1301-co	0	0	0	0	0	0	2	0	0	0	0	0
__id__1302-megeb	0	0	2	0	0	0	0	0	0	0	0	2
__id__1303-sportstechreview	2	0	0	0	0	0	2	0	0	0	0	0
__id__1304-nacdl	0	0	0	0	0	0	0	0	2	0	0	0
__id__1305-centauri-dreams	0	0	0	0	0	0	0	0	2	0	0	0
__id__1306-aw-wrdsmth	0	0	2	0	0	0	0	0	0	0	0	0
__id__1307-skyrock	0	0	0	0	0	0	0	0	0	0	0	2
__id__1308-techairlines	0	0	0	2	0	0	0	0	0	0	0	0
__id__1309-fastcodesign	2	0	0	0	0	0	0	0	0	0	0	0
__id__1310-infopeople	2	0	0	0	0	2	0	0	0	0	0	0
__id__1311-foodpoisoningbulletin	2	0	2	0	0	0	0	0	0	0	0	0
__id__1312-rockefeller	0	0	0	2	0	0	0	0	0	2	0	0
__id__1313-burlingtonbluecreeks	0	0	0	0	0	0	0	0	0	0	0	2
__id__1314-gypsycarns	2	0	0	0	0	0	0	0	0	0	0	0
__id__1315-algosec	0	0	2	0	0	0	0	0	0	0	0	0
__id__1316-kartendesign	0	0	0	2	0	0	2	0	0	0	0	0
__id__1317-youtuberobot	0	0	0	2	0	0	0	0	0	0	0	0
__id__1318-ashlonline	0	0	0	0	0	0	2	0	2	0	0	0
__id__1319-holisticlifestylesradio	0	0	0	0	0	0	2	0	0	0	0	0
__id__1320-proclil	0	0	0	0	0	0	0	0	2	0	0	0
__id__1321-thedailymeal	0	0	2	0	0	0	0	0	2	0	0	0
__id__1322-socialmediaassoc	0	0	0	0	0	0	2	0	0	0	0	0
__id__1323-whinnyinginlife	0	0	0	0	0	0	0	0	2	0	0	0
__id__1324-qfak	0	0	2	0	0	0	0	0	0	0	0	0
__id__1325-plastic-rake-manufacturer	0	0	0	0	0	0	0	0	0	0	0	2
__id__1326-hss	0	0	2	0	0	0	2	0	0	0	0	0
__id__1327-sdsc	0	0	0	0	0	0	0	0	2	0	0	0
__id__1328-hitgrab	0	0	2	0	0	2	0	0	0	0	0	0
__id__1329-dailyhealthmantra	2	0	0	0	0	0	2	0	0	0	0	0
__id__1330-911animalabuse	2	0	0	2	0	0	0	0	0	0	0	0
__id__1331-narprail	2	0	0	0	0	0	0	0	0	0	0	0
__id__1332-co	0	0	0	0	0	0	0	0	2	0	0	0
__id__1333-t-cuento	0	0	0	2	0	0	2	0	0	0	0	0
__id__1334-mapsandlanterns	2	0	0	0	0	0	2	0	0	0	2	0
__id__1335-us-taiwan	0	0	0	2	0	0	0	0	0	0	0	0
__id__1336-iss-mag	0	0	0	2	0	0	0	0	0	0	0	0
__id__1337-sensible-health-related-fitness	0	0	0	0	0	0	2	0	2	0	0	0
__id__1338-westernhorsereview	0	0	0	0	0	2	0	0	0	0	0	0
__id__1339-org	0	0	0	2	0	0	0	0	0	0	0	0
__id__1340-org	0	0	0	0	0	0	2	0	0	0	2	0
__id__1341-drtanya	0	0	0	0	0	0	2	0	0	0	0	0
__id__1342-smartwax-usa	0	0	0	0	0	0	2	0	0	0	0	0
__id__1343-databerry	0	0	0	2	0	0	0	0	0	0	0	0
__id__1344-darkspace	0	0	0	0	0	0	0	0	2	0	0	0
__id__1345-worldfoodscience	0	0	0	2	0	0	0	0	0	0	0	0
__id__1346-armstrongsteelbuildings	2	0	0	0	0	0	2	0	0	0	0	0
__id__1347-friendly-website-service	0	2	0	0	0	0	0	0	2	0	0	0
__id__1348-etipedia	0	0	2	0	0	0	0	0	0	0	0	0
__id__1349-computerexplorers	0	0	0	0	0	0	2	0	0	0	0	0
__id__1350-bluesheepdog	2	0	0	0	0	2	0	0	0	0	0	0
__id__1351-ccohs	0	0	0	0	0	0	0	0	2	0	0	0
__id__1352-jwbart	0	0	0	0	0	0	2	0	0	0	0	2
__id__1353-cheapmattressdiscounters	0	0	0	0	0	0	2	0	0	2	0	0.5
__id__1354-relaxedinformeddentistry	0	0	0	0	0	0	2	0	0	0	0	0
__id__1355-listdose	0	0	0	0	0	0	0	0	2	0	0	0
__id__1356-com	2	0	0	0	0	0	0	0	0	0	0	0
__id__1357-edgewater2020	2	0	0	0	0	0	0	0	2	0	0	0
__id__1358-petphilanthropycircle	2	0	0	0	0	0	0	0	0	0	0	0
__id__1359-co	2	0	0	0	0	0	0	0	0	0	0	0
__id__1360-fairfax-avenue	0	0	2	0	0	0	0	0	0	0	0	0
__id__1361-cordbloodinfo	0	0	0	0	0	0	0	0	2	0	0	0
__id__1362-techtarget	0	0	2	0	0	0	0	0	0	0	0	0
__id__1363-infotoday	0	0	0	0	0	0	2	0	0	0	0	0
__id__1364-ultradiamondtech	0	0	0	2	0	0	0	0	0	0	0	0
__id__1365-adventurechryslerjeep	0	0	0	0	0	0	2	0	0	0	0	0
__id__1366-supermotoaustralia	0	0	0	2	0	0	0	0	0	0	0	0
__id__1367-kicdam	0	0	0	2	0	0	0	0	0	0	0	0
__id__1368-commlawgroup	0	0	0	2	0	0	0	0	0	0	0	0
__id__1369-apriljeanette	0	0	0	2	0	0	0	0	0	0	0	0
__id__1370-seagerhairtransplant	0	0	0	0	0	0	2	0	2	0	0	0
__id__1371-atelier	2	0	0	0	0	0	0	0	0	0	0	0
__id__1372-yuleplay	0	0	0	0	0	0	0	0	2	0	0	0
__id__1373-realpeoplesearch	0	0	0	0	0	0	0	0	2	0	0	0
__id__1374-messaggiamo	0	0	2	0	0	0	0	0	0	0	0	0
__id__1375-brazosbend	0	0	0	0	0	0	0	0	2	0	0	0
__id__1376-michaelbrandvold	0	0	0	0	0	2	0	0	0	0	0	0
__id__1377-dishwasher-review	0	0	0	0	0	0	0	0	0	2	0	0
__id__1378-tab	0	0	0	0	0	0	2	0	0	0	0	0
__id__1379-technogorilla	2	0	0	2	0	0	0	0	0	0	0	0
__id__1380-autlookfilms	2	0	0	0	0	0	0	0	0	0	0	0
__id__1381-cbpmagazine	0	0	0	0	0	0	0	0	2	0	0	0
__id__1382-yourworldblog	0	0	0	0	0	0	0	0	0	0	0	2
__id__1383-markdownmom	0	0	0	0	0	0	0	0	0	2	0	0
__id__1384-trln	0	0	0	0	0	0	0	2	0	0	0	0
__id__1385-co	0	0	2	0	0	0	0	0	2	0	0	0
__id__1386-avatier	0	0	0	0	0	0	2	0	0	0	0	0
__id__1387-intimated	0	0	0	2	0	0	0	0	0	0	0	0
__id__1388-utias-sfl	0	0	0	0	0	0	0	0	2	0	0	0
__id__1389-uk	0	0	2	0	0	0	0	0	0	0	0	0
__id__1390-globalmessaging	0	0	0	0	0	0	2	0	0	0	0	0
__id__1391-co	0	0	0	2	0	0	0	0	0	0	0	0
__id__1392-summitrealestate	0	0	2	0	0	0	0	0	0	0	0	0
__id__1393-intesol	0	0	0	0	0	0	0	0	0	0	0	2
__id__1394-canalblog	0	0	2	0	0	0	0	0	0	0	0	0
__id__1395-discoverysoutheast	0	0	0	0	0	0	2	0	0	0	0	0
__id__1396-maximum-velocity	2	0	0	0	0	0	2	0	0	0	0	0
__id__1397-ihs	2	0	0	0	0	0	0	0	0	0	0	0
__id__1398-applemagazine	2	0	0	0	0	0	0	0	0	0	0	0
__id__1399-valerievision	0	0	0	0	0	0	0	0	0	0	0	2
__id__1400-devpolicy	0	0	0	0	0	0	2	2	0	0	2	0
__id__1401-carsataglance	0	0	0	0	0	0	0	0	0	2	0	0
__id__1402-incompleteideas	0	0	0	0	0	0	0	0	2	0	0	0
__id__1403-wifi-connections	2	0	0	0	0	0	0	0	0	0	0	0
__id__1404-therapeuticresources	0	0	0	0	0	0	2	0	0	0	0	0
__id__1405-blueinkreviews	0	0	0	0	0	0	0	0	0	2	0	0
__id__1406-rtk	2	0	0	0	0	0	0	0	0	0	0	0
__id__1407-techsoupglobal	0	0	0	2	0	0	0	0	0	0	0	0
__id__1408-officialwestieguide	0	0	2	0	0	0	0	0	0	0	0	0
__id__1409-tvovermind	0	2	0	0	0	0	0	0	0	0	0	0
__id__1410-org	2	0	0	0	0	0.5	0	0	0	0	0	0
__id__1411-vocabulary-vocabulary	0	0	0	0	0	0	0	0	2	0	0	0
__id__1412-tinytooth	0	0	2	0	0	0	0	0	0	0	0	0
__id__1413-bankstocks	0	0	2	0	0	0	0	0	0	0	0	0
__id__1414-stabilityrunningshoes	0	0	2	0	0	0	0	0	0	0	0	0
__id__1415-seattlegrapevine	0	0	0	0	0	0	0	0	0	0	0	2
__id__1416-wisc	0	0	2	0	0	0	0	0	0	0	0	0
__id__1417-portfoliopartnership	2	0	0	0	0	0	2	0	0	0	0	0
__id__1418-chestertownspy	2	0	0	2	0	0	0	0	0	0	0	0
__id__1419-togethergreen	0	0	0	2	0	0	0	0	0	0	0	0
__id__1420-accessplanit	0	0	0	2	0	0	2	0	0	0	0	0
__id__1421-compoundsemiconductor	0	0	0	0	0	0	0	2	0	0	0	0
__id__1422-janawaygenealogy	0	0	0	0	0	0	0	0	0	2	0	0
__id__1423-workscapes	0	0	0	0	0	0	2	0	0	0	0	0
__id__1424-hospitalityresourcesinternational	2	0	2	0	0	0	0	0	0	0	0	0
__id__1425-dixonschwabl	2	0	0	0	0	0	0	0	0	0	0	0
__id__1426-studymode	0	0	0	0	0	0	0	0	0	0	0	2
__id__1427-latexotica	0	0	0	0	0	0	2	0	0	0	0	0
__id__1428-greatdepressiononline	2	0	0	0	0	0	0	0	0	0	0	0
__id__1429-retropole	0	0	0	0	0	0	2	0	0	0	0	0
__id__1430-carpoolse	0	0	2	0	0	0	0	0	0	0	0	0
__id__1431-facingup	2	0	0	0	0	0	0	0	0	0	0	0
__id__1432-epixx	0	0	2	2	0	0	0	0	0	0	0	0
__id__1433-passporttorecovery	0	0	0	0	0	0	2	0	0	0	0	0
__id__1434-ascendeventmedia	0	0	2	0	0	0	0	0	0	0	0	0
__id__1435-saramarberry	0	0	0	0	0	0	0	0	0	2	0	0
__id__1436-org	2	0	0	0	0	0	0	0	0	0	0	0
__id__1437-co	0	0	0	0	0	0	2	0	0	0	0	0
__id__1438-americanturfco	0	0	2	0	0	0	0	0	0	2	0	0
__id__1439-developingteachers	0	0	0	0	0	0	0	2	0	0	0	0
__id__1440-fortcollinsdentalarts	0	0	0	0	0	0	2	0	0	0	0	0
__id__1441-strauchfiber	0	0	2	0	0	0	2	0	0	0	0	0
__id__1442-medshape	0	0	0	0	0	0	2	0	0	0	0	0
__id__1443-venturechoice	0	0	2	0	0	0	2	0	0	0	0	0
__id__1444-s1bute	0	0	0	2	0	0	0	0	0	0	0	0
__id__1445-davidcoates	2	0	0	0	0	0	0	0	0	0	0	0
__id__1446-recipenutrition	2	0	0	0	0	0	0	0	0	0	0	0
__id__1447-summerplantsnj	0	0	0	0	0	0	0	0	0	0	0	2
__id__1448-vitalhealthpartners	0	0	0	0	0	0	0	0	0	2	0	0
__id__1449-selfsufficiency4u	0	0	2	0	0	0	0	0	0	0	0	0
__id__1450-procurementalert	0	0	0	0	0	0	2	0	0	0	0	0
__id__1451-aaronartprints	0	0	0	0	0	0	0	0	2	2	0	0
__id__1452-localsearchinsider	2	0	0	0	0	0	2	0	0	0	0	0
__id__1453-allinonecleaners	0	0	0	0	0	0	0	0	0	0	0	2
__id__1454-alarm-rec	0	0	0	0	0	0	2	0	0	0	0	0
__id__1455-thegreeneconomy	0	0	2	0	0	0	0	0	0	0	0	0
__id__1456-genewscenter	0	0	0	0	0	0	2	0	0	0	0	0
__id__1457-geekosystem	0	0	2	0	0	0	0	0	0	0	0	0
__id__1458-astronomynow	0	0	0	2	0	0	0	1	0	0	0	0
__id__1459-clearspaceconsulting	0	0	0	0	0	0	2	0	0	0	0	0
__id__1460-coredocuments	0	0	0	0	0	0	0	0	0	0	0	2
__id__1461-sheamoi	0	0	0	0	0	0	2	0	0	0	0	0
__id__1462-infotoday	0	0	0	0	0	0	0	0	0	2	0	0
__id__1463-spiritualcompetency	0	0	0	0	0	0	0	2	0	0	0	0
__id__1464-fxtradingguide	0	0	0	0	0	0	2	0	0	0	0	0
__id__1465-itandelectronics	0	0	0	0	0	0	2	0	0	0	0	0
__id__1466-thesmartvan	2	0	0	0	0	0	0	0	0	0	0	0
__id__1467-release2gofree	0	0	0	0	0	0	2	0	0	0	0	0
__id__1468-crmnewsdaily	2	0	0	0	0	0	0	0	0	0	0	0
__id__1469-yale	0	0	0	0	0	0	2	0	0	0	0	0
__id__1470-drums	0	0	0	0	0	0	2	0	0	0	0	0
__id__1471-buysportinggoods	2	0	0	0	0	0	0	0	0	0	0	0
__id__1472-backboneamerica	2	0	0	0	0	0	0	0	0	0	0	0
__id__1473-fmr	0	0	0	0	0	0	2	0	0	0	2	0
__id__1474-empowermentsystems	0	0	0	0	0	0	2	0	0	0	0	0
__id__1475-topcatproductreviews	0	0	2	0	0	0	0	0	0	0	0	0
__id__1476-georgiapoliticalreview	2	0	0	0	0	0	0	0	0	0	0	0
__id__1477-skin-treatment-products	0	0	0	0	0	0	0	0	2	0	0	0
__id__1478-xavier-g	0	0	0	0	0	0	2	0	0	0	0	0
__id__1479-shawnorourke	0	0	0	0	0	0	0	0	0	0	0	2
__id__1480-aspca	2	0	0	0	0	0	2	0	0	0	2	0
__id__1481-fayedcity	2	0	0	0	0	0	0	0	0	0	0	0
__id__1482-shipbuildingtribune	0	0	0	2	0	0	2	0	0	0	0	0
__id__1483-napa-net	2	0	0	0	0	0	0	0	0	0	0	0
__id__1484-rrr-trailerplans	2	0	0	0	0	0	2	0	0	0	0	0
__id__1485-financialchampionsacademy	0	0	2	0	0	0	0	0	0	0	0	0
__id__1486-brickswithoutstraw	2	0	0	0	0	0	0	0	0	0	0	0
__id__1487-occkw	0	0	0	0	0	0	0	0	0	0	0	2
__id__1488-webhostingbuilders	0	0	2	0	0	0	0	0	0	0	0	0
__id__1489-techtarget	2	0	0	0	0	0	0	0	0	0	0	0
__id__1490-metue	0	0	0	2	0	0	0	0	0	0	0	0
__id__1491-homeimprovementtouch	0	0	2	0	0	0	0	0	0	0	0	0
__id__1492-hygienesuppliesdirect	0	0	0	0	0	0	2	0	0	0	0	0
__id__1493-refinancemortgagesloans	0	0	2	0	0	0	0	0	0	0	0	0
__id__1494-aphekom	0	0	0	0	0	0	2	2	0	0	2	0
__id__1495-directsalesopportunities	0	0	0	0	0	0	2	0	0	0	2	0
__id__1496-carpenter-electric	0	0	0	0	0	0	2	0	0	2	0	0
__id__1497-co	2	0	0	0	0	0	0	0	0	0	0	0
__id__1498-lunchedu	0	0	0	0	0	0	0	0	0	0	0	2
__id__1499-nettime	2	0	0	0	0	0	0	0	0	0	0	0
__id__1500-gov	0	0	0	0	0	0	0	0	2	0	0	0
__id__1501-wikia	0	2	0	0	0	0	0	0	0	0	0	0
__id__1502-contemporarymanager	0	0	2	0	0	0	0	0	0	0	0	0
__id__1503-keepem	0	0	0	0	0	0	0	0	0	2	0	0
__id__1504-co	0	0	0	0	0	0	0	0	2	0	0	0
__id__1505-temporalnexus	0	0	0	0	0	0	0	0	2	0	0	0
__id__1506-thinkupfront	2	0	0	0	0	0	0	0	0	0	0	0
__id__1507-social-networking-plus-dating-services	0	0	0	0	0	0	2	0	0	0	0	0
__id__1508-tmcnet	0	0	0	0	0	0	2	0	0	0	0	0
__id__1509-highqcontent	0	0	2	0	0	0	0	0	0	0	0	0
__id__1510-newsenterprise	0	0	2	0	0	0	0	0	0	0	0	0
__id__1511-nfcworld	0	0	0	0	0	0	2	0	0	0	0	0
__id__1512-ezymedia	2	0	0	0	0	2	2	0	0	0	2	0
__id__1513-disabilitynetwork	0	0	0	2	0	0	0	0	0	0	0	0
__id__1514-moreaboutadvertising	0	0	0	0	0	0	0	0	0	0	0	2
__id__1515-ashridge	0	0	0	0	0	0	2	0	0	0	0	0
__id__1516-noor-18	0	0	0	0	0	0	0	0	0	0	0	2
__id__1517-joompro	0	0	0	0	0	0	2	0	0	0	0	2
__id__1518-planbuildlivecincinnati	0	0	0	0	0	0	2	0	0	0	0	0
__id__1519-careerknowhow	0	0	2	0	0	0	0	0	0	0	0	0
__id__1520-finderlend	0	0	2	0	0	0	0	0	0	0	0	0
__id__1521-alsacorp	0	0	0	0	0	0	2	0	0	0	0	0
__id__1522-terileigh	0	0	0	0	0	0	0	0	2	0	0	0
__id__1523-rafastoreview	0	0	0	0	0	0	2	0	0	0	0	0
__id__1524-commlawblog	2	0	0	0	0	0	0	0	0	0	0	0
__id__1525-startrekfreedom	0	2	0	0	0	0	0	0	0	0	0	0
__id__1526-expatinthephilippines	0	0	0	0	0	0	0	0	2	0	0	0
__id__1527-tmponline	2	0	0	0	0	0	0	0	0	0	0	0
__id__1528-incredibleegg	0	0	2	0	0	0	0	0	0	0	0	0
__id__1529-ifoundmydoctor	0	0	0	0	0	0	2	0	0	0	0	0
__id__1530-4rfv	0	0	0	0	0	0	2	0	0	0	0	0
__id__1531-suffolklawreview	2	0	0	0	0	0	0	0	0	0	0	0
__id__1532-brandrepublic	2	0	0	0	0	0	0	0	0	0	0	0
__id__1533-utahtrikes	0	0	0	0	0	0	2	0	0	0	0	0
__id__1534-new401kcontributionlimits	0	0	2	0	0	0	0	0	0	0	0	0
__id__1535-routetogreatness	2	0	0	0	0	0	0	0	0	0	0	0
__id__1536-xmlteam	0	0	0	0	0	0	2	0	0	0	0	0
__id__1537-calstat	0	0	0	0	0	0	0	0	2	0	0	0
__id__1538-com	0	0	2	0	0	0	0	0	0	0	0	0
__id__1539-natsoshow	0	0	0	0	0	0	2	0	0	0	0	0
__id__1540-cosmeticview	0	0	0	0	0	0	0	0	0	0	0	2
__id__1541-com	0	0	2	0	0	0	2	0	0	0	0	0
__id__1542-nhs	2	0	0	0	0	0	0	0	0	0	0	0
__id__1543-selfregulation	2	0	0	0	0	0	0	0	0	0	0	0
__id__1544-lovedentists	0	0	0	0	0	0	0	0	2	2	0	0
__id__1545-mariannedyson	0	0	0	0	0	2	2	0	0	2	0	0
__id__1546-greensportsvenues	0	0	0	2	0	0	2	0	0	0	0	0
__id__1547-realmshelps	0	2	0	0	0	0	0	0	2	0	0	0
__id__1548-tradea	0	0	0	0	0	0	0	0	0	0	0	2
__id__1549-csuchico	0	0	0	2	0	0	0	0	0	0	0	0
__id__1550-freenet01	0	0	2	0	0	0	0	0	0	0	0	0
__id__1551-incinerater	0	0	2	0	0	0	0	0	0	0	0	2
__id__1552-thomaseye	0	0	0	0	0	0	2	0	0	0	0	0
__id__1553-bdavid	2	0	0	0	0	0	0	0	0	0	0	0
__id__1554-ocadsv	2	0	0	0	0	0	0	0	0	0	0	0
__id__1555-carnegiecyberacademy	2	0	0	0	0	0	2	0	0	0	2	0
__id__1556-boldride	0	0	0	0	0	0	0	0	2	2	0	0
__id__1557-ntocc	0	0	0	0	0	0	2	0	0	0	0	0
__id__1558-webhostingrating	0	0	0	2	0	0	0	0	0	0	0	0
__id__1559-momtv	0	0	0	0	0	0	2	0	0	0	0	2
__id__1560-workhorseautomation	0	0	0	0	0	0	0	0	0	0	0	2
__id__1561-co	0	0	0	0	0	0	0	0	2	0	0	0
__id__1562-wikia	0	0	0	0	0	0	0	0	2	0	0	0
__id__1563-accuterm	0	0	2	0	0	0	0	0	0	0	0	0
__id__1564-faretransparency	2	0	0	0	0	0	0	0	0	0	0	0
__id__1565-starnewsonline	2	0	0	0	0	0	0	0	0	0	0	0
__id__1566-mandloys	0	0	0	0	0	0	2	0	0	0	0	0
__id__1567-progressivedemocratsnc	2	0	0	0	0	0	0	0	0	0	0	0
__id__1568-genesis-chiropractic	0	0	0	0	0	0	2	0	0	0	0	0
__id__1569-dailyxy	0	0	2	0	0	0	0	0	0	0	0	0
__id__1570-chocolateuniversityonline	0	0	0	0	0	0	0	0	2	0	0	0
__id__1571-aboutthebeatles	0	0	0	0	0	0	0	0	2	0	0	0
__id__1572-ajaxboiler	0	0	0	0	0	0	2	0	0	0	0	0
__id__1573-hilapelpins	0	0	0	0	0	0	0	0	2	0	0	0
__id__1574-berkeleylawblogs	2	0	0	0	0	0	0	0	0	0	0	0
__id__1575-saburchill	0	0	0	0	0	0	0	0	2	0	0	0
__id__1576-ellmannpc	0	0	2	0	0	0	0	0	0	0	0	0.5
__id__1577-transferpoint	0	0	0	0	0	0	2	0	0	0	0	0
__id__1578-rxmedic	0	0	0	0	0	2	2	0	0	0	0	0
__id__1579-basicpublicspeaking	0	0	0	0	0	0	2	0	2	0	0	0
__id__1580-accessathletes	0	0	0	0	0	0	2	0	0	0	0	0
__id__1581-wranglernews	0	0	2	0	0	0	2	0	0	0	0	0
__id__1582-strongcommunication	0	0	0	2	0	0	0	0	0	0	0	0
__id__1583-typepad	0	0	0	0	0	0	2	0	0	0	0	0
__id__1584-awoosh	0	0	2	2	0	0	0	0	0	0	0	0
__id__1585-itnonline	0	0	0	0	0	0	0	0	2	0	0	0
__id__1586-shortlethousing	0	0	2	0	0	0	0	0	0	0	0	0
__id__1587-tomscaranomusic	0	0	0	0	0	0	2	0	0	0	0	0
__id__1588-chiphutchison	2	0	0	0	0	0	0	0	0	0	0	0
__id__1589-moronacity	0	0	0	0	0	0	0	0	2	0	0	0
__id__1590-infolawgroup	2	0	0	0	0	0	0	0	0	0	0	0
__id__1591-womenunlimitedworldwide	0	0	2	0	0	2	0	0	0	0	0	0
__id__1592-petersheadnets	0	0	0	0	0	0	2	0	0	0	0	0
__id__1593-navywriter	0	0	2	0	0	2	0	0	0	0	0	0
__id__1594-mydreamholidayresort	0	0	0	0	0	0	2	0	0	0	0	0
__id__1595-streetfootballwales	2	0	0	0	0	0	0	0	0	0	0	0
__id__1596-org	0	0	0	2	0	0	0	0	0	0	0	0
__id__1597-fenderbender	0	0	0	0	0	0	2	0	0	0	0	0
__id__1598-clickinnovate	0	0	0	0	0	0	2	0	0	0	0	0
__id__1599-eco-kidsusa	2	0	0	0	0	0	0	0	0	0	0	0
__id__1600-gmu	0	0	0	2	0	0	0	0	0	0	0	0
__id__1601-openxcom	0	0	0	0	0	2	0	0	0	2	0	0
__id__1602-helioshr	0	0	2	0	0	0	2	0	0	0	0	0
__id__1603-perudo-set	0	0	0	0	0	0	0	0	2	0	0	0
__id__1604-taoeconomics	2	0	0	0	0	0	0	0	0	0	0	0
__id__1605-grafotik	0	0	0	0	0	0	2	0	0	0	0	0
__id__1606-top-car-insurance-articles	0	0	0	2	0	0	0	0	0	0	0	0
__id__1607-celebritynewsandstyle	0	0	0	2	0	0	0	0	0	0	0	0
__id__1608-surf-forecast	0	0	2	0	0	0	0	0	0	0	0	0
__id__1609-business-sale	0	0	0	2	0	0	0	0	0	0	0	0
__id__1610-aidsunited	2	0	0	0	0	0	0	0	0	0	0	0
__id__1611-ihatecpaps	0	0	0	0	0	0	0	0	2	0	0	0
__id__1612-upfrontezine	0	0	0	2	0	0	2	0	0	0	0	0
__id__1613-kiyada	0	0	0	0	0	0	0	0	0	0	0	2
__id__1614-ncpanow	2	0	0	0	0	0	0	0	0	0	0	0
__id__1615-wtulneworleans	0	0	2	0	0	0	0	0	0	0	0	0
__id__1616-mtnstatewellness	0	0	2	0	0	0	2	0	0	0	0	0
__id__1617-wordsmithbob	0	0	2	0	0	2	0	0	0	0	0	0
__id__1618-vibrantneo	2	0	0	0	0	0	0	0	0	0	0	0
__id__1619-futurelooks	0	0	0	0	0	0	0	0	0	2	0	0
__id__1620-worldvision	2	0	0	2	0	0	0	0	0	0	0	0
__id__1621-edu	0	0	0	0	0	0	0	0	2	0	0	0
__id__1622-unlimitedallstars	0	0	0	0	0	0	0	0	2	0	0	0
__id__1623-jashsayani	0	0	0	2	0	0	0	0	0	2	0	0
__id__1624-mt-nord	0	0	2	0	0	0	0	0	0	0	0	2
__id__1625-downtowndentalla	0	0	0	0	0	0	2	0	0	0	0	0
__id__1626-makespace	0	0	0	0	0	0	2	0	0	0	2	2
__id__1627-com	0	0	0	0	0	0	2	0	0	0	0	0
__id__1628-independentpublisher	0	0	0	2	0	0	2	0	0	0	2	0
__id__1629-kirkflyingvet	0	0	0	0	0	2	0	0	0	0	0	0
__id__1630-hernblawg	0	0	0	0	0	0	0	0	2	0	0	0
__id__1631-communitymedical	2	0	0	0	0	0	0	0	0	0	0	0
__id__1632-myotonicdystrophy	0	0	0	0	0	0	0	0	2	0	0	0
__id__1633-creativeenergy	0	0	0	0	0	0	2	0	0	0	0	0
__id__1634-wiworkforcealliance	0	0	0	0	0	0	0	0	0	2	0	0
__id__1635-itnewslink	0	0	0	0	0	0	2	0	0	0	0	0
__id__1636-ucsd	0	0	0	2	0	0	0	0	0	0	0	0
-britannica	0	0	0	0	0	0	0	0	2	0	0	0
-britannica	0	0	0	0	0	0	0	0	2	0	0	0
-wikipedia	0	0	0	0	0	0	0	0	2	0	0	0
-wikipedia	0	0	0	0	0	0	0	0	2	0	0	0
-britannica	0	0	0	0	0	0	0	0	2	0	0	0
-britannica	0	0	0	0	0	0	0	0	2	0	0	0
-wikipedia	0	0	0	0	0	0	0	0	2	0	0	0
-britannica	0	0	0	0	0	0	0	0	2	0	0	0
-britannica	0	0	0	0	0	0	0	0	2	0	0	0
-britannica	0	0	0	0	0	0	0	0	2	0	0	0
-wikipedia	0	0	0	0	0	0	0	0	2	0	0	0
-britannica	0	0	0	0	0	0	0	0	2	0	0	0
-wikipedia	0	0	0	0	0	0	0	0	2	0	0	0
-britannica	0	0	0	0	0	0	0	0	2	0	0	0
-wikipedia	0	0	0	0	0	0	0	0	2	0	0	0
-britannica	0	0	0	0	0	0	0	0	2	0	0	0
-wikipedia	0	0	0	0	0	0	0	0	2	0	0	0
-wikipedia	0	0	0	0	0	0	0	0	2	0	0	0
-wikipedia	0	0	0	0	0	0	0	0	2	0	0	0
-wikipedia	0	0	0	0	0	0	0	0	2	0	0	0
-wikipedia	0	0	0	0	0	0	0	0	2	0	0	0
-wikipedia	0	0	0	0	0	0	0	0	2	0	0	0
-wikipedia	0	0	0	0	0	0	0	0	2	0	0	0
-wikipedia	0	0	0	0	0	0	0	0	2	0	0	0
-wikipedia	0	0	0	0	0	0	0	0	2	0	0	0
-wikipedia	0	0	0	0	0	0	0	0	2	0	0	0
-wikipedia	0	0	0	0	0	0	0	0	2	0	0	0
-wikipedia	0	0	0	0	0	0	0	0	2	0	0	0
-wikipedia	0	0	0	0	0	0	0	0	2	0	0	0
-wikipedia	0	0	0	0	0	0	0	0	2	0	0	0
-wikipedia	0	0	0	0	0	0	0	0	2	0	0	0
-britannica	0	0	0	0	0	0	0	0	2	0	0	0
-wikipedia	0	0	0	0	0	0	0	0	2	0	0	0
-wikipedia	0	0	0	0	0	0	0	0	2	0	0	0
-wikipedia	0	0	0	0	0	0	0	0	2	0	0	0
-britannica	0	0	0	0	0	0	0	0	2	0	0	0
-britannica	0	0	0	0	0	0	0	0	2	0	0	0
-britannica	0	0	0	0	0	0	0	0	2	0	0	0
-britannica	0	0	0	0	0	0	0	0	2	0	0	0
-britannica	0	0	0	0	0	0	0	0	2	0	0	0
-britannica	0	0	0	0	0	0	0	0	2	0	0	0
-britannica	0	0	0	0	0	0	0	0	2	0	0	0
-britannica	0	0	0	0	0	0	0	0	2	0	0	0
-britannica	0	0	0	0	0	0	0	0	2	0	0	0
-britannica	0	0	0	0	0	0	0	0	2	0	0	0
-britannica	0	0	0	0	0	0	0	0	2	0	0	0
-britannica	0	0	0	0	0	0	0	0	2	0	0	0
-britannica	0	0	0	0	0	0	0	0	2	0	0	0
-britannica	0	0	0	0	0	0	0	0	2	0	0	0
-britannica	0	0	0	0	0	0	0	0	2	0	0	0
