"ID-"	"A1"	"A4"	"A7"	"A8"	"A9"	"A11"	"A12"	"A14"	"A16"	"A17"
"444-pharmprice"	0	0	2	0	0	0	0	0	2	0
"446-russiancup"	0	0	0.5	0.5	2	0	0	0	0.5	0
"2-absurdopedia"	0	2	0	0	0	0	0	0	0	0
"3-absurdopedia"	1	0	2	0	0	0	0	0	1	0
"1-absurdopedia"	0	0	0	0	0	0	0	0	2	0
"434-2ch"	0	0	0	0	2	0	0	0	0	0
"595-go2show"	0	0	0	0	0	0	2	0	1	1
"350-newme"	2	0	0	0	0	0	0	0	0	0
"440-lurkmore"	0.5	0	0	0	0	0	0	0	2	1
"36-lurkmore"	0.5	0	0	0	0	0	0	0	2	0
"610-moziron"	2	0	0	0	0	0	0	0	0	0
"498-kli"	1	0	0.5	0	0	0	0	0	2	0.5
"353-odnako"	0.5	0	0	0.5	0	0	0	0	2	1
"405-rossia"	0	0	0	0	0	2	0	0	0	0.5
"35-lingvarium"	0	0	0	0	0	0	0	2	2	0
"404-rossia"	2	0	0	0	0	0	0	0	0	1
"381-evrazia"	2	0	0	0	0	0	0	0	2	0.5
"608-greenpeace"	2	0	0	0	0	0	0	0	2	0
"80-wikinews"	0.5	0	0	2	0	0	0	0	1	0
"139-wikisource"	0	2	0	0	0	0	0	0	0	0.5
"149-wikisource"	0	2	0	0	0	0	0	0	0	0
"100-wikipedia"	0	0	0	0	0	0	0	1	2	0
"107-wikipedia"	0	0	0	0	0	0	0	0	2	0
"399-research-journal"	0	0	0	0	0	0	0	2	0	0
"120-wikipedia"	0	0	0	0	0	0	0	0	2	0
"150-wikisource"	2	0	0	0	2	0	0	0	0.5	0
"53-wikinews"	0.5	0	0	2	0	0	0	0	0	0.5
"63-wikinews"	0.5	0	0	2	0	0	0	0	0	0
"84-wikinews"	0	0	0	2	0	0	0	0	0	0
"135-wikipedia"	0	0	0	0	0	0	0	0	2	0
"104-wikipedia"	0.5	0	0	0	0	0	0	0	2	0
"106-wikipedia"	0	0	0	0	0	0	0	0	2	0
"152-wikisource"	1	0	0	0	0	0	0	2	0.5	0
"67-wikinews"	0	0	0	2	0	0	0	0	0	0
"118-wikipedia"	0	0	0	0	0	0	0	0	2	0
"145-wikisource"	0	0	0	0	2	0	0	0	2	0
"79-wikinews"	0	0	0	2	0	0	0	0	0	0
"132-wikipedia"	0	0	0	0	0	0	0	0	2	0
"76-wikinews"	0.5	0	0	2	0	0	0	0	0	0
"92-wikipedia"	0	0	0	0	0	0	0	0	2	0
"73-wikinews"	0	0	0	1	0	0	0	0	2	0
"148-wikisource"	0	0	0	0	2	0	0	0	0	0
"81-wikinews"	0	0	0	2	0	0	0	0	0	0
"115-wikipedia"	0	0	0	0	0	0	0	0	2	0
"103-wikipedia"	0	0	0	0	0	0	0	0	2	0
"105-wikipedia"	0	0	0	0	0	0	0	0	2	0
"71-wikinews"	0	0	0	2	0	0	0	0	0	0
"142-wikisource"	0	2	0	0	0	0	0	0	0	0.5
"60-wikinews"	0	0	0	2	0	0	0	0	0	0
"127-wikipedia"	0	0	0	0	0	0	0	0	2	0
"54-wikinews"	0	0	0	2	0	0	0	0	0	0
"82-wikinews"	0	0	0	2	0	0	0	0	0	0
"137-wikipedia"	0	0	0	0	0	0	0	0	2	0
"65-wikinews"	0.5	0	0	2	0	0	0	0	0	0
"138-wikipedia"	0	0	0	0	0	0	0	0	2	0
"109-wikipedia"	0	0	0	0	0	0	0	0	2	0.5
"86-wikipedia"	1	0	1	0	0	0.5	0	2	0.5	0
"123-wikipedia"	0	0	0	0	0	0	0	0	2	0
"128-wikipedia"	0	0	0	0	0	0	0	0	2	0
"89-wikipedia"	0	0	0	0	0	0	0	0	2	0
"143-wikisource"	0	0	0	0	2	0	0	0	2	0
"70-wikinews"	0	0	0	2	0	0	0	0	0	0
"141-wikisource"	0	2	0	0	0	2	0	0	0	0.5
"113-wikipedia"	0	0	0	0	0	0	0	0	2	0
"74-wikinews"	0	0	0	2	0	0	0	0	0	0
"144-wikisource"	0	0	0	0	2	0	0	0	2	0
"619-stunda"	2	0	0	0	0	0	0	0	0	0.5
"134-wikipedia"	0	0	0	0	0	0	0	0	2	0
"88-wikipedia"	0	0	0	0	0	0	0	0	2	0
"93-wikipedia"	0	0	0	0	0	0	0	0	2	0
"465-wikipedia"	0	0	0	0	0	0	0	0	2	0
"75-wikinews"	0	0	0	2	0	0	0	0.5	0	0
"140-wikisource"	0	2	0	0	0	0	0	0	0	0.5
"59-wikinews"	0	0	0	2	0	0	0	0	0	0
"587-wikipedia"	0	0	0	0	0	0	0	0	2	0
"121-wikipedia"	0	0	0	0.5	0	0	0	0	2	0.5
"77-wikinews"	0	0	0	2	0	0	0	0	1	0.5
"153-wikisource"	1	0	0	0	0	0	0	2	0.5	0
"102-wikipedia"	0	0	0	0	0	0	0	0	2	0
"136-wikipedia"	0	0	0	0	0	0	0	0.5	2	0
"62-wikinews"	0	0	0	2	0	0	0	0	0	0
"147-wikisource"	0	0	0	0	0	0	0	2	0	0
"52-wikibooks"	0	0	2	0	0	0	0	0	2	0
"57-wikinews"	0.5	0	0	2	0	0.5	0	0	0	0
"154-wikisource"	2	0	0	0	0	0	0	0	0	0.5
"112-wikipedia"	0	0	0	0	0	0	0	0	2	0
"64-wikinews"	0.5	0	0	2	0	0	0	0	0	0
"83-wikinews"	0	0	0	2	0	0	0	0	0	0
"94-wikipedia"	0	0	0	0	0	0	0	0	2	0
"78-wikinews"	0	0	0	2	0	0	0	0	0	0
"122-wikipedia"	0	0	0	0	0	0	0	0	2	0
"338-ru-ipad"	0	0	2	0	0	0	0	0	0	0
"85-wikinews"	1	0	0	2	0	0	0	0	0	0.5
"58-wikinews"	1	0	0	2	0	0	0	0	0	0
"495-wikipedia"	0	0	0	0	0	0	0	0	2	0
"108-wikipedia"	0	0	0	0	0	0	0	0	2	0
"133-wikipedia"	0	0	0	0	0	0	0	0	2	0
"68-wikinews"	0	0	0	2	0	0	0	0	0	0
"61-wikinews"	0	0	0	2	0	0	0	0	0	0
"313-wikipedia"	0	0	0	0	0	0	0	0	2	0
"117-wikipedia"	0	0	0	0	0	0	0	0	2	0
"125-wikipedia"	0	0	0	0	0	0	0	0	2	0
"367-research-journal"	0	0	0	0	0	0	0	2	0	0
"66-wikinews"	0.5	0	0	2	0	0	0	0	0	0
"55-wikinews"	0	0	0	2	0	0	0	0	0	0
"126-wikipedia"	0	0	0	0	0	0	0	0	2	0
"146-wikisource"	0	0	0	0	2	0	0	0	1	0
"210-chaskor"	0	0	0	2	0	0	0	0	0	0.5
"214-chaskor"	0	0	0	2	0	0	0	0	0	0.5
"178-chaskor"	0.5	0	0	0	0	0	0	0	1	2
"208-chaskor"	0	0	0	2	0	0	0	0	0	0.5
"191-chaskor"	2	0	0	1	0	0	0	0	0	0.5
"188-chaskor"	2	0	0	1	0	0	0	0	0	0
"179-chaskor"	2	0	0	1	0	0	0	0	0	0.5
"193-chaskor"	2	0	0	0	0	2	0	0	0	1
"199-chaskor"	0	0	0	2	0	0	0	0	0	0
"180-chaskor"	0	0	0	1	0	0	0.5	0	0.5	2
"218-chaskor"	0	0	0	2	0	0	0	0	0.5	0
"209-chaskor"	0	0	0	1	0	0	0	0	2	1
"181-chaskor"	2	0	0	0	0	2	0	0	0	0.5
"195-chaskor"	0	0	0	0.5	0	0	0	0	2	0.5
"177-chaskor"	1	0	0	0	0	0	0	0	0.5	2
"212-chaskor"	0.5	0	0	2	0	0	0	0	0.5	0
"207-chaskor"	0	0	0	2	0	0	0	0	0	0
"194-chaskor"	1	0	0	2	0	0	0	0	0.5	0
"167-chaskor"	1	0	0	2	0	0	0	0	0	0
"165-chaskor"	2	0	0	1	0	0	0	0	0.5	0
"168-chaskor"	1	0	0	0	0	2	0	0	0.5	2
"333-cyberleninka"	1	0	0	0	0	0	0	2	1	0.5
"217-chaskor"	0	0	0	2	0	0	0	0	0	0
"400-foto"	0	0	0	0	0	2	0	0	0	1
"182-chaskor"	2	0	0	0	0	0	0	0	0	1
"185-chaskor"	1	0	0	0	1	0	0	0	2	0
"184-chaskor"	1	0	0	2	0	0	0	0	0	0.5
"187-chaskor"	1	0	0	2	0	0	0	0	0	2
"171-chaskor"	0.5	0	0	0	0	2	0	0	0	1
"189-chaskor"	0.5	0	0	0	0	2	0	0	0	0
"172-chaskor"	2	0	0	0.5	0	0	0	0	0	1
"211-chaskor"	0	0	0	2	0	0	0	0	0	0
"204-chaskor"	0	0	0	2	0	0	0	0	0	0
"464-compromat"	0	0	0	2	0	0	0	0	0	0
"198-chaskor"	0	0	0	2	0	0	0	0	0	0.5
"174-chaskor"	0	0	0	0	0	0	0	0	1	2
"176-chaskor"	2	0	0	0.5	0	0	0	0	0	0
"216-chaskor"	0	0	0	2	0	0	0	0	0	0
"169-chaskor"	2	0	0	0.5	0	0	0	0	0	0.5
"175-chaskor"	0	0	0	0	0	0	0	0	2	2
"173-chaskor"	2	0	0	0.5	0	0	0	0	0	0.5
"186-chaskor"	0	0	0	0.5	0	2	0	0	0	2
"203-chaskor"	0.5	0	0	2	0	0	0	0	0	0
"206-chaskor"	0	0	0	2	0	0	0	0	0	0
"200-chaskor"	0	0	0	2	0	0	0	0	0	0.5
"213-chaskor"	0	0	0	2	0	0	0	0	0	0
"215-chaskor"	0	0	0	2	0	0	0	0	0.5	0
"170-chaskor"	2	0	0	0	0	0	0.5	0	0	1
"470-compromat"	1	0	0	0	0	0	0	0	2	0
"192-chaskor"	2	0	0	0	0	0	0	0	2	0.5
"166-chaskor"	2	0	0.5	1	0	0	0	0	0	0.5
"190-chaskor"	1	0	0	2	0	0	0	0	0	0
"318-computerra"	2	0	0	0	0	1	0	0	1	0.5
"183-chaskor"	0	0	0	2	0	0	0	0	1	0
"442-hobbitaniya"	0	2	0	0	0	0	0	0	0	0.5
"387-habrahabr"	0	0	0	0	2	0	0	0	0	0
"579-heavymusic"	0	0	0	2	0	0	1	0	0	0.5
"322-mail"	0	0	0.5	0	0	0	0	0	2	0
"29-holmi"	0	0	0	0	0	2	0	0	0	0.5
"575-habrahabr"	1	0	2	0	0	1	0	0	1	0
"25-habrahabr"	2	0	0	0.5	0	1	0	0	1	0
"28-holmi"	0	0	0	0	0	2	0	0	0	0.5
"24-habrahabr"	0	0	0	2	0	0	0	0	0	0
"472-websound"	1	0	2	0	0	0.5	0	0	0.5	0
"307-multirecipe"	0	0	2	0	0	0	0	0	0	0.5
"413-medportal"	2	0	1	0	0	0	0	0	0	0
"430-mtrpl"	2	0	2	0	0	0	0	0	0	0.5
"567-mosmetro"	0	0	0	2	0	0	0	0	0	0
"304-mercedes-benz"	0.5	0	0	0	0	0	2	0	1	1
"487-motalk"	1	0	2	0	0	0.5	0	0	0	0
"615-mitras"	2	0	0	0	0	0	0	0	0	0
"412-medportal"	0	0	0	2	0	0	0	0	0	0
"556-mormonnews"	0	0	0	2	0	0	0	0	0	0
"314-matol"	0	0	0	1	2	0	0	0	0	0
"617-mitras"	2	0.5	0	0	0	0	1	2	0	0
"614-mitras"	2	0	0	0	0	0	0	2	0	0
"469-mid"	2	0	0	1	0	0.5	0	0	0	0.5
"590-1789-fr"	0	0	0	0	2	0	0	0	2	0
"602-severnaya-zarya"	0.5	0	0	0	0	2	0	0	0	0.5
"612-spravedlivo"	2	0	0	1	0	0	0	0	0	1
"577-sprint-express"	1	0	2	0	0	0	0	0	0	0
"576-study"	2	0	2	0	0	0.5	0	0	0.5	0
"363-segwaypoint"	2	0	0	0	0	0	0	0	0	0.5
"457-skillsup"	2	0	0	0	0	0	2	0	0.5	0.5
"349-samlib"	0.5	0	0	0	0	2	0	0	0.5	0.5
"598-samlib"	0	2	0	0	0	0	0	0	0	0.5
"345-samlib"	0	2	0	0	0	2	0	0	0	0
"429-furfurmag"	2	0	0	1	0	0	0	0	0	0
"337-zooclub"	0	0	2	0	0	2	0	0	0	0
"351-fb"	0	0	1	0	0	0	0	0	2	0
"421-imhonet"	1	0	0	0	0	2	0	0	0	2
"499-hackersoft"	0	0	2	0	0	2	0	0	0	0.5
"385-igromania"	2	0	0	0	0	0	0	0	0	0
"496-fx-commodities"	0	0	0	2	0	0	0	0	0	0.5
"571-footballtop"	1	0	0	2	0	0	0	0	0	0
"441-jutkoe"	0	2	0	0	0	2	0	0	0	0.5
"428-kulturologia"	0	0	0	0	0	0	0	0	2	2
"382-kurginyan"	2	0	0	0	0	2	0	0	0.5	1
"560-kolesa"	1	0	0	0	0	2	0.5	0	0.5	2
"366-krugosvet"	0	0	0	0	0	0	0	2	2	0
"386-pochta"	0	0	0	0	0	0	0	2	0	0
"570-kremlin"	2	0	0	0	0.5	2	0	0	0	0.5
"409-kopipasta"	2	0	0	0	0	0	0	0	0	0.5
"622-kp"	2	0	0	1	0	0.5	0	0	0	0.5
"303-oper"	0.5	0	0	0	0	1	0	0	2	2
"408-kopipasta"	2	0	0	0.5	0	0	0	0	0.5	0.5
"486-kinopoisk"	0.5	0	0	0	0	0	0	0	1	2
"380-kaspersky"	1	0	0	0	0	0	2	0	0.5	0
"511-kartinca"	0.5	0	0	0	0	0	0	0	0	2
"410-kopipasta"	0	0	0	0	0	2	0	0	0	0.5
"427-killmeplz"	0	0	0	0	0	2	0	0	0	0
"468-kundalini"	0	0	0	0	0	2	0	0	2	0.5
"340-kurginyan"	2	0	0	0	0	2	0	0	0.5	0.5
"395-kinopoisk"	0	0	0	0	0	2	0	0	0	2
"505-kopipasta"	0	0	0	0	0	2	0	0	0.5	0
"551-5dec"	2	0	0	0	0	0	0	0	0.5	0
"489-origamiizbumagi"	0	0	2	0	0	0	0	0	1	0
"452-yogasecrets"	0	0	2	0	0	0	0	0	2	0
"621-yabloko"	2	0	0	0	0	0	0	0	0	0
"618-ysipko"	2	0	0	0	0	2	0	0	0	0
"582-yaklass"	0.5	0	0	0	0	0.5	0	0	2	1
"494-museum"	1	0	0	0	0	0	0	2	2	0
"589-demvybor"	2	0	0	0	0	0	0	0	0	1
"438-daripodarki"	0	0	2	0	2	0	0	0	1	0
"605-dysonairblade"	2	0	0	0	0	0	2	0	0.5	0.5
"331-vodennikov"	0	2	0	0	0	2	0	0	0	0.5
"607-verav"	2	0	0	0	0	2	0	0	0.5	0
"348-vogue"	2	0	0	1	0	0.5	0.5	0	0.5	0
"592-touchandplay"	0	0	2	0	0	0	0	0	0	0
"601-khv"	2	0	0	0	0	2	0	0	1	0.5
"423-ta-musica"	0	0	0	0	0	0	2	0	2	0.5
"573-blogspot"	2	0	0	0	0	0	0	0	0	0
"332-oper"	0	0	0	0	0	2	0	0	0	0.5
"372-toster"	0	0	0	0	0	2	0	0	0	0.5
"305-tvoybloknot"	0.5	0	0	0	0	2	0.5	0	1	2
"159-narod2"	0	0	0	0	0	0	0	2	2	0
"502-tekst-pesni-tut"	0	2	0	0	0	2	0	0	0	0
"354-litra"	1	0	0	0	0	0	0	0	2	1
"564-lesyaka"	0	0	0	0	0	2	1	0	0	0
"482-lookatme"	0	0	0	2	0	0	0	0	2	0
"321-org"	0	0	2	0	0	0	0	0	1	0
"375-litkarta"	2	0	0	0	0	2	0	0	0	0.5
"328-lib"	0	2	0	0.5	0	2	0	0	0	0.5
"411-lenta"	0	0	0	2	0	0	0	0	0	0
"449-ferghana"	1	2	1	0	0	0	0	0	0	0
"300-yandex"	0	0	0	0	2	0	0	0	0.5	0
"463-lib"	0	0	0.5	0	0	0	0	0	2	0
"458-lifehacker"	0	0	2	0	0	0	0	0	1	0.5
"346-lady-smile"	0.5	0	2	0	0	1	0	0	0	0
"561-livelib"	1	0	0	0	0	2	0	0	0	2
"500-linux-bash"	0	2	0	0	0	0.5	0	0	0	0
"484-lookatme"	0.5	0	0	0	0	2	0	0	0.5	0
"32-lenta"	0	0	0	0	0	0	0	0	2	0
"373-litforum"	2	0	0	0	0	2	0	0	0	0.5
"613-bibleonline"	2	2	0	0	0	0	0	0	0	0
"460-biografguru"	0	0	0	0	0	0	0	0	2	0
"361-barrier"	0	0	0	0	0	0	2	0	2	0
"509-briefly"	0	2	0	0	0	0	0	0	2	0
"359-buro247"	0	0	0	0.5	0	0	2	0	2	0.5
"415-bg"	0	0	0	0	0	2	0	0	0	0.5
"604-businesswatch"	0	0	0	0	0	0	2	0	2	1
"508-briefly"	0	2	0	0	0	0	0	0	2	0
"377-burdastyle"	0	0	2	0	0	0	0	0	0	0
"566-er"	0	0	0	2	0	0	0	0	0	0
"600-eurasialand"	0	0	0	0	0	0	0	2	2	0
"588-esperanto-plus"	0	0	0	0	0	2	0	0	0	0.5
"467-ezhe"	1	0	0	0	0	1	0	0	2	0.5
"378-edimdoma"	0	0	2	0	0	0	0	0	0	0
"376-gif"	0.5	0	0	0.5	0	2	0	0	0	1
"343-aif"	2	0	0	0	0	2	0	0	0	1
"580-garant"	0	0	0	0	2	0	0	0	0	0
"301-rusnovosti"	0	0	0	2	0	0	0	0	0	0
"627-ruj"	2	0	0	0	0	0	0	0	0	0.5
"339-rg"	1	0	2	0.5	1	0	0	0	0	0
"368-referat"	0	0	0	0	0	0	0	1	2	0
"611-ruskline"	2	0.5	0	0	0	2	0	0	0	0
"497-roem"	0	0	0	2	0	0	0	0	0	0.5
"424-rirl"	0	0	0	0	0	2	0	0	0	0.5
"437-ria"	0	0	0	2	0	0	0	0	0	0
"559-runners"	0	0	0	0	0	0	2	0	0	0
"485-rusgram"	0	0	0	0	0	0	0	2	2	0
"352-rosritual"	0	0	0	0	0.5	0	0.5	0	2	1
"47-rozhdestvenka"	0	0	0	0	0	2	0	0	0	0
"360-revidox"	0	0.5	0	0	0	0	2	0	0	0
"626-ruj"	1	0	0.5	0	0	2	0	0	0	1
"302-ria"	0	0	0	2	0	0	0	0	0	0.5
"456-devichnik"	0	0	0	0	0	2	0	0	1	0
"402-afisha"	0	0	0	0.5	0	0	0	0	1	2
"374-alekseybalabanov"	0	2	0	0	0	0	0	0	0	0
"474-anothercity"	0	0	0	0	0	0	0	0	2	0.5
"491-azbukavkusa"	0	0	0	0	2	0	0	0	2	0
"164-animalsprotectiontribune"	1	0	0	0	0	0	0	0	2	0
"401-afisha"	0.5	0	0	0	0	2	0	0	0	2
"7-hse"	2	0	0	1	0	0	1	0	1	0.5
"323-aik-kr"	0	0	2	0	1	0	0	0	1	0
"394-aphorisme"	0	0	0	0	0	0	0	0	2	0.5
"510-adme"	0	0	0	0	0	0.5	0	0	2	0
"4-hse"	0	0	0	0	2	0	0	0	0	0
"336-popmech"	0	0	2	0	0	0	0	0	0.5	0
"317-popmech"	0.5	2	0	0	0	0	0	0	0.5	0
"552-blogspot"	2	0	0	0	0	0	0	0	0	0
"393-nov"	0	1	0	0	0	2	0	0	1	0.5
"459-photoshop-master"	0	0	2	0	0	0	0	0	0	0
"319-popmech"	0	0	0	0	0	0	0	0	2	0
"355-petr-pervy"	0	0	0	0	0	0	0	0	2	1
"4226-prazdnik-land"	2	0	0	0	0	0	0	0	2	0
"311-postnauka"	0	0	0	0	0	2	0	0	1	2
"553-pravoslavie"	2	0	0	0	0	0	0	0	0	0
"309-postnauka"	2	0	0	1	0	0	0	0	0.5	0
"358-patriarchia"	2	0	0	0	0	0	0	0	0	0.5
"315-popmech"	2	0	0	0	0	0	0	2	0	0
"574-pz-city"	2	0	0	0.5	0	0	0	1	0	0
"310-postnauka"	2	0	0	0	0	0	0	1	0	0
"445-passion"	0	0	0	0	0	0	0	0	2	1
"370-photodomain"	0	0	2	0	2	0	0	0	0	0
"436-idinaidi"	0	0	0	0	0	0	0	0	2	1
"347-ne-kurim"	2	0	2	0	0	0	0	0	0	0
"466-narod"	0	0	0	0	0	0	0	2	2	0
"342-ntv"	0	0	0	2	0	0	0	0	0	0
"568-metro"	0	0	0	2	0	0	0	0	0	1
"490-narod"	0	0	0	0	0	0	0	2	2	0
"557-eot"	1	0	0	0	0	0	0	0	2	1
"390-vikingline"	0	0	0	0	2	0	0	0	0.5	0
"435-nnm"	2	0	0	0	0	0	0	0	1	1
"383-com"	0	0	2	0	0	0	0	0	0.5	0
"222-in"	1	0	0	0	0	0	0	2	2	0
"384-com"	0	0	2	0	0	0	0	0	0	0
"329-com"	0	2	0	0	0	0	0	0	0	0
"475-com"	0	0	0	0	0	0	0	0	0.5	2
"453-xn--1-7sbaipkia5auwiv"	0	0	0	0	0	0	0	0	2	0
"325-bash"	0	2	0	0	0	0	0	0	0	0.5
"448-chewbakka"	2	0	0	0	0	1	0	0	0.5	0
"406-livejournal"	2	0	0	0	0	1	0	0	0	1
"407-livejournal"	0	2	0	0	0	0	0	0	0	1
"417-chewbakka"	1	0	0	0	0	2	0	0	0	2
"586-livejournal"	2	1	0	0	0	1	0	0	0	0.5
"480-livejournal"	0	0	0	0	0	2	0	0	0	0.5
"37-livejournal"	0.5	0	0	0	0	2	0	0	0	0
"585-livejournal"	0	0	0	2	0	0	0	0	1	0
"471-livejournal"	0	0	0	0	0	2	0	0	0	0
"503-mirpesen"	0	2	0	0	0	2	0	0	0	0
"38-livejournal"	0	0	0	0	0	2	0	0	0	0
"479-livejournal"	2	0	0	2	0	0.5	0	0	0	0
"155-livejournal"	0	0	0	0	0	2	0	0	0	0.5
"462-sci-lib"	0	0	0	0	0	0	0	2	1	0
"451-livejournal"	0.5	2	0	0	0	0.5	0	0	0.5	1
"20-livejournal"	0.5	0	0	0	0	2	0	0	0	0
"18-livejournal"	0	0.5	0	0	0	2	0	0	0	0
"21-livejournal"	2	0	0	0	0	0.5	0	0	0	0.5
"23-livejournal"	2	0	0	0	0	0.5	0	0	0	0
"22-livejournal"	1	0	0	0	0	1	0	0	2	0
"19-livejournal"	2	0	0	0	0	0.5	0	0	0	0
"392-livejournal"	0	0	0	0	0	2	0	0	0	2
"31-livejournal"	0	0	0	0	0	2	0	0	0	2
"30-livejournal"	0	0	0	0	0	1	0	0	0	2
"46-livejournal"	0	0	1	0	0	2	0	0	1	1
"45-livejournal"	0	0	0	0	0	2	0	0	0.5	0
"581-livejournal"	0	0	2	0	0	2	0	0	0	0
"223-livejournal"	0	0	2	0	0	0	0	0	0	0
"13-livejournal"	0	0	0	0	0	0.5	0	0	0	2
"330-days4god"	0	2	0	0	0	1	0	0	0	0
"572-livejournal"	0	2	0	0	0	0	0	0	0	0
"477-livejournal"	2	0	0	0	0	0	0	0	0	1
"157-livejournal"	0.5	0	0	1	0	2	0	0	0	0
"481-livejournal"	0	0	0	0	2	0	0	0	2	0
"439-lakrica"	2	0	0	0	0	0	2	0	0	0
"450-livejournal"	0	0	0	2	0	0	0	0	0	0
"558-livejournal"	2	0	0	0	0	0.5	0	0	0	0
"33-livejournal"	0	0	0	0	0	2	0	0	0	0.5
"11-livejournal"	0.5	0	0	0	0	2	0	0	0	2
"596-livejournal"	0	0	0	0	0	2	0	0	1	0
"478-livejournal"	2	0.5	0	0	0	2	0	0	0	0
"49-wikia"	0	0	0	0	0	0	0	0	2	0.5
"50-wikia"	0	1	0	0	0	0	0	0	2	0
"48-wikia"	0	0	0	0	0	0	0	0	2	0
"51-wikia"	0	2	0	0	0	0	0	0	2	0
"8-livejournal"	0	0	0	0	0	2	0	0	0	0
"9-livejournal"	0	2	0	0	0	0	0	0	0	0
"447-livejournal"	0	0	0	2	0	0	1	0	0	1
"591-livejournal"	2	0	0	1	0	0.5	0	0	0	0
"6-livejournal"	0	0	0	0.5	0	2	0	0	2	0.5
"420-prostomac"	0	0	2	0	0	0	2	0	0	0
"43-livejournal"	0.5	0	1	0	0	2	0	0	0	0
"414-pustoshit"	2	0	0	0	0	1	0	0	1	1
"583-livejournal"	0	0	0	0	0	2	0.5	0	0	1
"398-picrussia"	0.5	0	0	0	0	1	0	0	2	1
"306-indinotes"	0	0	2	0	0	0	0	0	0	0
"504-itar-tass"	0	0	0	2	0	0	0	0	0	0
"597-livejournal"	0.5	0	0	1	0	0.5	0	2	1	0
"584-livejournal"	2	0	0	0	0	2	0	0	1	0
"39-livejournal"	2	0	0	0	0	2	0	0	0	0
"594-newsru"	0	0	0	2	0	0	0	0	0.5	0
"593-kolmogorov"	1	0	0	0	0	0.5	0	0	2	1
"341-anna-news"	1	0	0	2	0	0	0	0	0	0.5
"628-webmoney"	0	0	0.5	0	2	0	0.5	0	0	0
"629-webmoney"	0	0	0	0	2	0	0	0	2	0
"631-garant"	0	0	0	0	2	0	0	0	1	0
"632-garant"	0	0	0	0	2	0	0	0	2	0
"633-garant"	0	0	0	0	2	0	0	0	0	0
"634-garant"	0	0	0	0	2	0	0	0	2	0
"635-garant"	0	0	0	0	2	0	0	0	0	0
"636-garant"	0	0	0	0	2	0	0	0	1	0
"637-garant"	0	0	0	0	2	0	0	0	2	0
"638-garant"	0	0	0	0	2	0	0	0	2	0
"639-garant"	0	0	0	0	2	0	0	0	1	0
"640-garant"	0	0	0	0	2	0	0	0	0.5	0
"641-garant"	0	0	0	0	2	0	0	0	2	0
"642-garant"	0	0	0	0	2	0	0	0	0	0
"643-garant"	0	0	0	0.5	2	0	0	0	0	0
"644-garant"	0	0	0	0	2	0	0	0	2	0
"645-consultant"	0	0	0	0	2	0	0	0	1	0
"646-consultant"	0	0	0	0	2	0	0	0	2	0
"647-garant"	0	0	0	0	2	0	0	0	2	0
"648-garant"	0	0	0	0	2	0	0	0	2	0
"650-garant"	0	0	0	0	2	0	0	0	2	0
"651-garant"	0	0	0	0	2	0	0	0	1	0
"653-tagancity"	0	0	0	0.5	2	0	0	0	2	0
"654-ohranatruda"	0	0	2	0	2	0	0	0	0.5	0
"655-ohranatruda"	0	0	2	0	2	0	0	0	0	0
"656-freshdoc"	0	0	0	0	2	0	0	0	0.5	0
"657-philips"	0	0	0	0	2	0	0	0	2	0
"658-bikr"	0	0	0	0	2	0	0	0	0	0
"659-bibliotekar"	0	0	0	0	2	0	0	0	2	0
"660-aviasalon"	0	0	0	0	2	0	0	0	0.5	0
"661-tehreg"	0	0	0	0	2	0	0	0	2	0
"662-un"	0	0	0	0	2	0	0	0	2	0
"663-kremlin"	0	0	0	0.5	2	0	0	0	0	0
"665-freepatent"	0	0	0	0	0	0	0	2	2	0
"666-freepatent"	0	0	0	0	0	0	0	2	2	0
"668-un"	0.5	0	0	0	2	0	0	0	0.5	0
"669-un"	0	0	0	0	2	0	0	0	2	0
"670-rookee"	0	0	0	0	2	0	0	0	2	0
"671-antula"	0	0	0	0	2	0	0	0	2	0
"672-tehreg"	0	0	0	0	2	0	0	0	2	0
"673-tehreg"	0	0	0	0	2	0	0	0	2	0
"675-consultant"	0	0	0	0	2	0	0	0	2	0
"677-mgupi"	0	0	0	0	2	0	0	0	0.5	0
"681-rg"	0	0	0	0	2	0	0	0	2	0
"683-rg"	0	0	0	0	2	0	0	0	2	0
"684-1september"	1	0	0	0	1	0	0	0	2	0
"685-1september"	2	0	0	0	1	0	0	0	2	0
"686-1september"	0.5	0	0	0	2	0	0	0	2	0
"687-1september"	0	0	0	0	2	0	0	0	2	0
"688-1september"	0.5	0	0	0	2	0	0	0	2	0
"689-1september"	0	0	0	0	2	0	0	0	2	0
"690-tomsk"	0	0	0	0	2	2	0	0	0	0
"691-zakonrf"	0	0	0	0	2	0	0	0	1	0
"692-alorbroker"	0	0	0	0	2	2	0	0	0	0
"693-russianpost"	0	0	0	0	2	0	0	0	2	0
"694-russianpost"	0	0	0	0	2	0	0	0	0	0
"695-gov"	0	0	0	0	2	0	0	0	1	0
"696-mipt"	0	0	0	0	2	0	0	0	2	0
"697-gov"	0	0	0	0	2	0	0	0	2	0
"824-art-con"	0	0	0	0	0	0	0	2	2	0
"825-cyberleninka"	0	0	0	0	0	0	0	2	2	0
"826-dissercat"	2	0	0	0	0	0	0	2	1	0
"827-anthropology"	0	0	0	0	0	0	0	2	2	0
"829-krugosvet"	0	0	0	0	0	0	0	2	2	0
"830-krugosvet"	0	0	0	0	0	0	0	2	2	0
"831-dissercat"	0.5	0	0	0	0	0	0	2	2	0
"832-krugosvet"	0	0	0	0	0	0	0	0	2	0
"833-krugosvet"	0	0	0	0	0	0	0	0	2	0
"834-narod"	0	0	0	0	0	0	0	2	2	0
"836-google"	2	0	0	0	0	0	0	2	0.5	0.5
"837-e-notabene"	1	0	0	0	0	0	0	2	2	0
"838-russ"	0	0	0	0	0	0	0	2	1	0
"839-krugosvet"	0	0	0	0	0	0	0	2	2	0
"840-krugosvet"	0	0	0	0	0	0	0	2	2	0
"841-dissercat"	1	0	0	0	0	0	0	2	2	0
"842-cyberleninka"	0	0	0	0	0	0	0	2	2	0
"843-cyberleninka"	0	0	0	0	0	0	0	2	2	0
"844-sci-article"	0	0	0	0	0	0	0	2	2	0
"845-sci-article"	1	0	0	0	0	0	0	2	2	0
"846-sci-article"	0	0	0	0	0.5	0	0	1	2	0
"847-cheloveknauka"	0	0	0	0	0	0	0	2	2	0
"848-sci-article"	0	0	0	0	0	0	0	2	2	0
"849-sci-article"	0	0	0	0	0	0	0	2	2	0
"850-sci-article"	0	0	0	0	0	0	0	2	2	0
"851-sci-article"	0	0	0	0	0	0	0	2	2	0
"852-sci-article"	0	0	0	0	0	0	0	2	2	0
"854-sci-article"	0.5	0	0	0	0	0	0	2	2	0
"855-dataplus"	0	0	0	0	0	0	0	2	2	0.5
"856-sci-article"	0	0	0	0	0	0	0	1	2	0
"857-sci-article"	0	0	0	0	0	0	0	2	1	0
"858-dissercat"	0	0	0	0	0	0	0	2	1	0
"859-bibliofond"	0	0	0	0	0	0	0	2	2	0
"860-sci-article"	0	0	0	0	0	0	0	1	2	0.5
"861-kavkazoved"	1	0	0	0	0	0	0	2	0	0
"862-sci-article"	0	0	0	0	0	0	0	2	1	0
"863-economic-journal"	0.5	0	0	0	0	0	0	2	0.5	0
"864-psyhotronika"	0	0	0	0	0	0	0	2	0.5	0
"865-aspirans"	0	0	0	0	0	0	0	2	0.5	0
"866-cyberleninka"	0	0	0	0	0	0	0	2	0	0
"698-rt"	1	0	0	2	0	0	0	0	0	0
"699-ria"	2	0	0	0.5	0	0	0	0	0	0
"700-ria"	2	0	0	0.5	0	0	0	0	0	0
"701-continentalist"	2	0	0	0	0	0	0	0	0	1
"702-politonline"	1	0	0	2	0	0	0	0	0	0.5
"703-politikus"	1	0	0	2	0	0	0	0	0	1
"704-nstarikov"	1	0	0	0	0	2	0	0	0	0.5
"705-nstarikov"	2	0	0	0	0	0	0	0	1	0
"706-nstarikov"	2	0	0	0	0	0	0	0	0	1
"707-ruserbia"	2	0	0	0.5	0	0	0	0	0	1
"708-zavtra"	2	0	0	0	0	0	0	0	0.5	1
"709-vk"	2	0	0	0	0	0	0	0	0	1
"710-politikus"	2	0	0	0	0	0	0	0	0	0.5
"711-politikus"	2	0	0	0	0	0	0	0	0.5	0
"712-putin-today"	0.5	0	0	0.5	0	2	0	0	0	0.5
"714-freepublish"	2	0	0	0	0	1	0	0	0	0
"715-xn--80affaro1bkbit9e"	0.5	0	0	2	0	0	0	0	0	0.5
"716-regnum"	0.5	0	0	2	0	0.5	0	0	0	0.5
"717-ruposters"	1	0	0	2	0	1	0	0	0	0.5
"718-ruposters"	2	0	0	0	0	1	0	0	0.5	0.5
"719-ruposters"	2	0	0	0	0	0.5	0	0	0	0
"720-ruposters"	2	0	0	0	0	0.5	0	0	0	0.5
"721-ruposters"	2	0	0	0	0	0.5	0	0	0	0
"722-ruposters"	2	0	0	0.5	0	0.5	0	0	0	0
"723-vk"	2	0	0	0	0	1	0	0	0	0
"725-ruposters"	2	0	0	0	0	2	0	0	1	0.5
"726-vk"	2	0	0	0	0	0	0	0	0.5	0.5
"727-slon"	2	0	0	0	0	0.5	0	0	0.5	0
"729-rufabula"	2	0	0	0	0	0	0	0	0	1
"730-rufabula"	2	0	0	0.5	0	2	0	0	0	0.5
"731-bnkomi"	2	0	0	0	0	0	0	0	0	0
"732-cont"	2	0	0	0.5	0	0.5	0	0	1	0.5
"733-vk"	2	0	0	0	0	0	0	0	0	0
"734-nstarikov"	2	0	0	0	0	0	0	0	0	0
"735-odnako"	2	0	0	0	0	1	0	0	0.5	0
"736-nstarikov"	2	0	0	0	0	0	0	0	0.5	0
"737-oboznik"	2	0	0	0	0	0	0	0	0	0.5
"738-rossia"	2	0	0	0	0	0.5	0	0	1	0
"739-odnako"	2	0	0	0	0	0	0	0	1	0.5
"740-nstarikov"	2	0	0	0	0	0	0	0	0.5	1
"741-odnako"	2	0	1	0	0	0	0	0	0	0.5
"742-politikus"	2	0	0	0	0.5	0	0	0	0	0
"743-vk"	2	0	0	0	0	1	0	0	0	0.5
"744-r-v-s"	2	0	0	0	0	0	2	0	0	0
"745-juvenaljustice"	1	0	0	0	2	0	0	0	0	0.5
"746-livejournal"	2	0	0	0	0	0	0	0	0.5	0
"747-gr-oborona"	0	0	0	0	0	2	0	0	0	0
"748-kavpolit"	2	0	0	0	0	0.5	0	0	0	0
"749-livejournal"	2	0	0	0	0	0	0	0	0	0
"750-change"	2	0	0	0	0	1	0	0	0	0.5
"751-change"	2	0	0	0	0	0	0	0	0.5	0
"752-change"	2	0	0	0	0	0	0	0	0	0
"753-pravda"	2	0	0	0	0	0	0	0	1	0.5
"754-change"	2	0	0	0	0	0.5	0	0	0	0
"755-2ch"	2	0	0	0	0	1	0	0	0	1
"756-livejournal"	2	0	0	0	0	1	0	0	1	0
"757-inosmi"	2	0	0	0	0	0	0	0	1	0
"758-vk"	2	0	0	0	0	0	0	0	0	0
"759-nstarikov"	2	0	0	0	0	0	0	0	0.5	0
"760-savelev"	2	0	0	0	0	0	0	0	0	0
"761-ateism"	2	0	0	0	0	0	0	0	2	0
"762-savelev"	2	0	0	0	0	0	0	0	0.5	1
"763-rusnod"	2	0	0	0	0	0	0	0	0	0
"764-savelev"	2	0	0	0	0	0	0	0	0	0.5
"765-rusnod"	2	0	0	0	0	0	0	0	0.5	0.5
"769-avito"	0.5	0	0	0	0	0	2	0	0.5	0.5
"770-avito"	0	0	0	0	0	0.5	2	0	1	1
"771-avito"	0	0	0	0	0	0.5	2	0	1	0.5
"772-avito"	0	0	0	0	0	1	2	0	1	0.5
"773-avito"	0	0	0	0	0	0	2	0	1	0.5
"774-avito"	0	0	0	0	0	0	2	0	1	0
"775-avito"	0	0	0	0	0	0	2	0	1	0.5
"776-avito"	0	0	0	0	0	0	2	0	1	1
"777-avito"	0	0	0	0	0	0	2	0	1	0
"778-avito"	0	0	0	0	0	0	2	0	1	1
"779-avito"	0	0	0	0	0	0	2	0	1	0.5
"780-avito"	1	0	0	0	0	0.5	2	0	0.5	0.5
"781-avito"	0	0	0	0	0	0	2	0	1	0.5
"782-avito"	0	0	0	0	0	0	2	0	1	0
"783-avito"	0	0	0	0	0	0	2	0	1	0
"784-avito"	0	0	0	0	0	0	2	0	1	0.5
"785-avito"	0	0	0	0	0	2	2	0	1	0.5
"786-avito"	0	0	0	0	0	2	2	0	1	0.5
"787-avito"	0	0	0	0	0	0.5	2	0	1	0
"788-avito"	0	0	0	0	0	0	2	0	1	0
"789-avito"	0	0	0	0	0	2	2	0	1	1
"790-avito"	0	0	0	0	0	1	2	0	0	1
"791-onlinetrade"	0	0	0	0	0	0	2	0	2	0.5
"792-onlinetrade"	0	0	0	0	0	0	2	0	2	0
"793-vegasmatras"	0	0	0	0	0	0	2	0	2	0.5
"794-avito"	0	0	0	0	0	2	2	0	1	0
"795-avito"	0	0	0	0	0	2	2	0	0.5	0
"796-avito"	0	0	0	0	0	1	2	0	1	0.5
"797-avito"	0	0	0	0	0	1	2	0	1	0.5
"798-avito"	0	0	0	0	0	2	2	0	1	0.5
"799-avito"	0	0	0	0	0	0	2	0	0.5	0.5
"800-avito"	0	0	0	0	0	0	2	0	0.5	1
"801-avito"	0	0	0	0	0	0	2	0	0.5	0
"802-avito"	0	0	0	0	0	0	2	0	1	1
"803-muztorg"	0	0	0	0	0	0	2	0	2	0.5
"804-muztorg"	0	0	0	0	0	0	2	0	1	0.5
"805-muztorg"	0	0	0	0	0	0	2	0	2	0
"806-mvideo"	0	0	0	0	0	0	2	0	1	0.5
"807-mvideo"	0	0	0	0	0	0	2	0	2	0
"808-mvideo"	0	0	0	0	0	0	2	0	2	0
"809-mvideo"	0	0	0	0	0	0	2	0	1	0
"810-mvideo"	0	0	0	0	0	0	2	0	2	0.5
"811-mvideo"	0	0	0	0	0	0	2	0	2	0.5
"812-mvideo"	0	0	0	0	0	0	2	0	1	0.5
"813-mvideo"	0	0	0	0	0	0	2	0	1	0
"814-mvideo"	0	0	0	0	0	0	2	0	2	0
"816-sportmaster"	0	0	0	0	0	0	2	0	2	0
"818-sportmaster"	0	0	0	0	0	0	2	0	2	0
"819-lamoda"	0	0	0	0	0	0	2	0	2	0
"820-lamoda"	0	0	0	0	0	0	2	0	2	0
"821-lamoda"	0	0	0	0	0	0	2	0	1	0
"822-lamoda"	0	0	0	0	0	0	2	0	2	0.5
"823-lamoda"	0	0	0	0	0	0	2	0	1	0
"syndicate/bmw-s-and-chinese-justice"	2	0	0	1	0	0	0	0	0	0.5
"syndicate/china-and-a-new-balance-of-power"	2	0	0	0.5	0	0	0	1	0	0
"syndicate/china-and-russia-in-the-new-world-disorder"	2	0	0	1	0	0	0	0	0	0
"syndicate/china-japan-protests-islands-by-liah-greenfeld"	2	0	0	0.5	0	0	0	0	0	0
"syndicate/china-s-cyber-warriors"	2	0	0	1	0	0	0	0	0	0
"syndicate/china-s-gift-to-europe"	2	0	0	0.5	0	0	0	1	0	0.5
"syndicate/china-s-threat-to-russia"	2	0	0	1	0	0	0	0	0	0
"syndicate/europe-s-vital-french-connection-by-kemal-dervi"	2	0	0	1	0	0	0	0	0	0
"syndicate/exchange-rate-disorder"	2	0	0.5	0.5	0	0	0	0	0	0
"syndicate/france-and-germany-must-act-in-iraq"	2	0	0.5	0.5	0	0	0	0	0	0
"syndicate/france-s-fourth-moment"	2	0	0.5	0.5	0	0	0	0	0	0
"syndicate/fran-ois-hollande-s-wrong-idea-of-france-by-brigitte-granville"	2	0	0.5	1	0	0	0	0	0	0
"syndicate/hollywood-s-favorite-villains"	2	0	0	0	0	0	0	0	0	0
"syndicate/japanese-lessons-for-china-s-currency"	2	0	0	1	0	0	0	0	0	0
"syndicate/kennedy--khrushchev--the-cuban-missile-crisis-and-nuclear-deterrence-from-cuba-to-iran-by-joseph-s--nye"	2	0	0	1	0	0.5	0	0	0.5	0
"syndicate/merkel-in-china-by-sanjaya-baru"	2	0	0	1	0	0	0	0	0	0
"syndicate/ms--europe-or-frau-germania-"	2	0	0	1	0	0	0	0	0	0
"syndicate/reshaping-china-s-government-services-supply-chain-by-andrew-sheng-and-geng-xiao"	2	0	0	1	0	0	0	0	0	0
"syndicate/russia-s-ukrainian-path-to-the-future"	2	0	0	1	0	0.5	0	0	0	0
"syndicate/should-europe-regulate-sovereign-wealth-funds-"	2	0	0	1	0	0	0	0	1	0
"syndicate/the--browning--of-african-technology"	2	0	0	1	0	0	0	0	0	0
"syndicate/the-china-question"	2	0	0	1	0	0.5	0	0	0	0
"syndicate/the-end-of-the-russia-china-debate"	2	0	0	0	0	0.5	0	0	0	0
"syndicate/the-making-of-china-s-trade-deficit"	2	0	0	1	0	0	0	1	0	0
"syndicate/the-return-of-franco-german-leadership"	2	0	0	1	0	0	0	0	0	0
"syndicate/the-transatlantic-index"	2	0	0	1	0	0	0	0	0	0
"syndicate/will-russia-save-the-west-"	2	0	0	1	0	0	0	0	0	0
"Bib1Amos_Prophecy_12_EN.txt"	1	2	0	0	0.5	1	0	0	0	0
"Bib1Amos_Prophecy_89_EN.txt"	2	2	0	0	0.5	0	0	0	0	0
"Bib1Ezra_History_12_EN.txt"	0.5	2	0	0	0	0	0	0	0	0
"Bib1Joel_Prophecy_12_EN.txt"	2	2	0	0	0	1	0	0	0	0
"Bib1Ruth_History_12_EN.txt"	1	2	0	0	0	0	0	0	0	0
"Bib2John_Gospel_12_EN.txt"	1	2	0	0	0	0	0	0	0	0
"Bib2Jude_Epistle_1_EN.txt"	2	0.5	0	0	0	2	0	0	0	0
"Bib2Luke_Acts_12_EN.txt"	2	2	0	0	0	1	0	0	0	0
"Bib2Luke_Acts_2728_EN.txt"	2	2	0	0	0	0.5	0	0	0	0
"Bib2Luke_Gospel_12_EN.txt"	1	2	0	0	0	0.5	0	0	0	0
"Bib2Mark_Gospel_12_EN.txt"	1	2	0	0	0	0.5	0	0	0	0
"CorpApple_Environment_EN.txt"	0.5	0	1	0	0.5	0	2	1	0	0
"CorpHandM_Quality_EN.txt"	0.5	0	2	0	0.5	0	2	0	0	0
"CorpHandM_Responsibility_EN.txt"	1	0	0	0	1	0	2	0	0	0
"CorpHP_Objectives_EN.txt"	1	0	0	0	0.5	0	2	0	0	0
"CorpJaguar_Sustainability_EN.txt"	0.5	0	0	0	1	0	2	0	0	0
"CorpZara_Environment_EN.txt"	0.5	0	1	0	0.5	0	2	0	0	0
"FictAndersenH_Mermaid_EN.txt"	0	2	0	0	0	0	0	0	0	0
"FictAndersenH_Ugly_EN.txt"	1	2	0	0	0	0	0	0	0	0
"FictBalzacH_Goriot_Ia_EN.txt"	0	2	0	0	0	0	0	0	0	0
"FictBalzacH_Goriot_Ib_EN.txt"	0	2	0	0	0	0	0	0	0	0
"FictBronteC_JaneEyre_33_EN.txt"	0	2	0	0	0	0	0	0	0	0
"FictBronteC_JaneEyre_6_EN.txt"	0	2	0	0	0	0	0	0	0	0
"FictCarrollL_Wonderland_2_EN.txt"	0	2	0	0	0	0	0	0	0	0
"FictCarrollL_Wonderland_5_EN.txt"	0	2	0	0	0	0	0	0	0	0
"FictDostoyevskyF_CrimePun_ep_EN.txt"	0	2	0	0	0	0	0	0	0	0
"FictDostoyevskyF_CrimePun_II2_EN.txt"	0	2	0	0	0	0	0	0	0	0
"FictDumasAp_3Musk_11_EN.txt"	0	2	0	0	0	0	0	0	0	0
"FictDumasAp_3Musk_2_EN.txt"	0	2	0	0	0	0	0	0	0	0
"FictFlaubertG_Bovary_I5_EN.txt"	0	2	0	0	0	0	0	0	0	0
"FictFlaubertG_Bovary_III3_EN.txt"	0	2	0	0	0	0	0	0	0	0
"FictFlaubertG_Salammbo_11_EN.txt"	0	2	0	0	0	0	0	0	0	0
"FictFlaubertG_Salammbo_2_EN.txt"	0	2	0	0	0	0.5	0	0	0	0
"FictGrimmJ_Bremusicians_EN.txt"	0	2	0	0	0	0	0	0	0	0
"FictGrimmJ_HanselGretel_EN.txt"	0	2	0	0	0	0	0	0	0	0
"FictHugoV_Hunchback_II5_EN.txt"	0	2	0	0	0	0	0	0	0	0
"FictHugoV_Hunchback_IV3_EN.txt"	0	2	0	0	0	0	0	0	0	0
"FictPoeE_Purloined_EN.txt"	0	2	0	0	0	1	0	0	0	0
"FictPoeE_Usher_EN.txt"	0	2	0	0	0	1	0	0	0	0
"FictTolstoyL_AnnaK_I10_EN.txt"	0	2	0	0	0	0.5	0	0	0	0
"FictTolstoyL_AnnaK_I11_EN.txt"	0	2	0	0	0	0.5	0	0	0	0
"FictTolstoyL_WarPeace_I16_EN.txt"	0	2	0	0	0	0.5	0	0	0	0
"FictTolstoyL_WarPeace_I2_EN.txt"	0	2	0	0	0	0.5	0	0	0	0
"FictWildeO_Dorian_18_EN.txt"	0	2	0	0	0	0	0	0	0	0
"FictWildeO_Dorian_8_EN.txt"	0	2	0	0	0	0.5	0	0	0	0
"FictZolaE_Germinal_II4_EN.txt"	0	2	0	0	0	0.5	0	0	0	0
"FictZolaE_Germinal_VII2_EN.txt"	0	2	0	0	0	0.5	0	0	0	0
"MarxMarxK_ComMan_01_EN.txt"	2	0.5	0	0	0.5	0	0	1	0	0
"MarxMarxK_ComMan_24_EN.txt"	2	0	0.5	0	0.5	1	0	1	0	0
"MarxMarxK_Feuerbach_EN.txt"	2	0	0	0	0	0	0	1	0	0
"MarxMarxK_GothaProg_EN.txt"	2	0	0	0	0	0	0	1	0	0
"MarxMarxK_JewishQ_EN.txt"	2	0.5	0	0	0	0	0	0	0	0
"NewsEnnajiM_Maghreb_EN.txt"	0.5	0	0	2	0	0	0	0	0	0
"NewsGoalcom_MessiTop50_EN.txt"	1	0	0	2	0	0.5	0	0	0	0
"NewsGueyeA_BlackPete_EN.txt"	2	0	0	0	0	0.5	0	0	0.5	0
"NewsLeM_OrbanGoldmanSachs_EN.txt"	0	0	0	2	0	1	0	0	0	0
"NewsMendesFrancoJ_HaitiBeyondCapital_EN.txt"	0.5	0	0	2	0	1	0	0	0	0
"NewsMillerH_FrankensteinTradition_EN.txt"	0.5	0	0	2	0	0	0	1	0	0
"NewsRabinovichI_IranNuclear_EN.txt"	2	0	0	2	0	0	0	0	0	0
"NewsRian_IranCutsOil_EN.txt"	0	0	0	2	0	0	0	0	0	0
"NewsRian_MedvedevDismisses_EN.txt"	0	0	0	2	0	0.5	0	0	0	0
"NewsWiki_KaradzicArrest_EN.txt"	0	0	0	2	0	0	0	0	0	0
"OpacStallman_FreeSoft_EN.txt"	2	0	0.5	0.5	0.5	0.5	0	0	1	0
"OpacTeam_Berlin_EN.txt"	2	0	0	0	1	0	0	0.5	0	0
"OpacTeam_Budapest_EN.txt"	2	0	0.5	1	0	0	0	0.5	0	0
"TediAndersonEt_NuclearEnergy_EN.txt"	2	0	0	0	0	2	0	1	0	0
"TediBelcherA_Batteries_EN.txt"	1	0	0.5	0	0	2	0	2	0	0
"TediGellMannM_Lang_EN.txt"	2	0	0	0	0	0	0	1	0	0
"TediJakubowskiM_OpenTech_EN.txt"	2	0	0.5	0	0	2	0	1	0	0
"TediJordanC_ShockStats_EN.txt"	2	0	0	0	0	1	0	0	0	0
"TediMcKeanE_Dict_EN.txt"	2	0	0	0	0	2	0	1	0	0
"TediMillerA_News_EN.txt"	2	0	0	0.5	0	0	0	0	0	0
"TediNatchweyJ_WarPhotos_EN.txt"	0.5	0	0	0.5	0	2	0	0	0	0
"TediOConnellA_Quantum_EN.txt"	2	0	0	0	0	0.5	0	1	0	0
"TediRoslingH_Poverty_EN.txt"	2	0	0	0	0	0	0	0	0	0
"TediSinclairC_OpenArchitech_EN.txt"	1	0	0.5	0	0	2	0	0	0	0
"TeleHTC_Manual_0_EN.txt"	0	0	2	0	2	0	0	0	0	0
"TeleHTC_Manual_10_EN.txt"	0	0	2	0	0	0	0	0	0	0
"TeleHTC_Manual_11_EN.txt"	0	0	2	0	0	0	0	0	0	0
"TeleHTC_Manual_12_EN.txt"	0	0	2	0	0	0	0	0	0	0
"TeleHTC_Manual_13_EN.txt"	0	0	2	0	0	0	0	0	0	0
"TeleHTC_Manual_1_EN.txt"	0	0	2	0	0	0	0	0	0.5	0
"TeleHTC_Manual_2_EN.txt"	0	0	2	0	0	0	0	0	0.5	0
"TeleHTC_Manual_3_EN.txt"	0	0	2	0	0	0	0	0	0	0
"TeleHTC_Manual_4_EN.txt"	0	0	2	0	0	0	0	0	0	0
"TeleHTC_Manual_5_EN.txt"	0	0	2	0	0	0	0	0	0	0
"TeleHTC_Manual_6_EN.txt"	0	0	2	0	0	0	0	0	0	0
"TeleHTC_Manual_7_EN.txt"	0	0	2	0	0	0	0	0	0	0
"TeleHTC_Manual_8_EN.txt"	0	0	2	0	0	0	0	0	0	0
"TeleHTC_Manual_9_EN.txt"	0	0	2	0	0	0	0	0	0	0
"TeliApple_iPhone4_EN.txt"	0.5	0	2	0	1	0	0	0	0	0
"TelsGoog_Answer_0545_EN.txt"	0	0	2	0	0	0.5	0	0	1	0
"TelsGoog_Answer_0a46_EN.txt"	0	0	2	0	0	0	0	0	0	0
"TelsGoog_Answer_0bcf_EN.txt"	0	0	2	0	0.5	0	0	0	0	0
"TelsGoog_Answer_1851_EN.txt"	0	0	2	0	0	0	0	0	0	0
"TelsGoog_Answer_1b37_EN.txt"	0	0	2	0	0	0	0	0	0.5	0
"TelsGoog_Answer_2feb_EN.txt"	0	0	2	0	0	0	1	0	1	0
"TelsGoog_Answer_3024_EN.txt"	0	0	2	0	0	0	0.5	0	0	0
"TelsGoog_Answer_4b5b_EN.txt"	0	0	2	0	0	0	0	0	0	0
"TelsGoog_Answer_596f_EN.txt"	0	0	2	0	0	0	1	0	0.5	0
"TelsGoog_Answer_5b4c_EN.txt"	0	0	2	0	0	0	0	0	1	0
"TelsGoog_Answer_70d7_EN.txt"	0	0	2	0	0	0	1	0	0	0
"TelsGoog_Answer_770f_EN.txt"	0	0	2	0	0	0	1	0	0	0
"TelsGoog_Answer_91e4_EN.txt"	0	0	2	0	0	0	0	0	0	0
"TelsGoog_Answer_94d0_EN.txt"	0	0	2	0	0	0	0	0	0	0
"TelsGoog_Answer_a67e_EN.txt"	0	0	2	0	0	0	0	0	0.5	0
"UnitGass_Resolution_62250_EN.txt"	0	0	0	1	2	0	0	0	1	0
"UnitUnat_Charter_EN.txt"	2	0	0	0	2	0	0	0	0	0
"UnitUnat_HumanRights_EN.txt"	2	0	0	0	2	0	0	0	0	0
"UnitUnat_StatuteICOJ_EN.txt"	0	0	0	0	2	0	0	0	0	0
"WindParaschivoiuEt_DarrieusTurbine_EN.txt"	0	0	0.5	0	0	0	0	2	0	0
"WindPurohitEt_CDMIndia_EN.txt"	0.5	0	0	0	0	0	0	2	0	0
"WindRiadhEt_Contrarotating_EN.txt"	0	0	1	0	0	0	0	2	0	0
"ted/a_j_jacobs_year_of_living_biblically"	1	0	0.5	0	0.5	2	0	0	0	0
"ted/alan_kay_shares_a_powerful_idea_about_ideas"	2	0	0	0	0	0.5	0	0.5	0	0
"ted/alex_tabarrok_foresees_economic_growth"	2	0	0	0.5	0	0	0	0	0	0
"ted/amy_tan_on_creativity"	1	0	0	0	0	2	0	0.5	0	0
"ted/barry_schwartz_on_the_paradox_of_choice"	2	0	0	0	0	0.5	0	1	1	0
"ted/benjamin_wallace_on_the_price_of_happiness"	0.5	0	0	0	0	1	0	0	2	0
"ted/bono_s_call_to_action_for_africa"	2	0	0	0	0	2	0	1	0	0
"ted/dan_dennett_cute_sexy_sweet_funny"	2	0	0	0	0	0.5	0	1	1	0
"ted/daniel_kraft_invents_a_better_way_to_harvest_bone_marrow"	2	0	0	1	0	1	0.5	2	0	0
"ted/dave_eggers_makes_his_ted_prize_wish_once_upon_a_school"	2	0	0.5	0.5	0	2	0	0	0	0
"ted/don_norman_on_design_and_emotion"	1	0	0	0	0	1	0	2	1	0
"ted/doris_kearns_goodwin_on_learning_from_past_presidents"	1	0	0	0	0	2	0	0	0	0
"ted/elliot_krane_the_mystery_of_chronic_pain"	0.5	0	0	0.5	0	1	0	2	1	0
"ted/eva_zeisel_on_the_playful_search_for_beauty"	1	0	0	0	0	2	0	0	0	0
"ted/ex_moonie_diane_benscoter_how_cults_think"	0.5	0.5	0	0	0	2	0	1	1	0
"ted/hans_rosling_at_state"	2	0	0.5	0	0	1	0	0	0	0
"ted/helen_fisher_tells_us_why_we_love_cheat"	0.5	0	0	0	0	1	0	0	2	0
"ted/isabel_allende_tells_tales_of_passion"	2	0	0	0.5	0	2	0	0	0	0
"ted/jessi_arrington_wearing_nothing_new"	1	0	0.5	0	0	2	0	0	0	0
"ted/john_underkoffler_drive_3d_data_with_a_gesture"	0	0	0	0	0	1	1	2	0	0
"ted/joseph_lekuton_tells_a_parable_for_kenya"	2	0	0	0.5	0	1	0	0	0	0
"ted/julia_sweeney_has_the_talk"	0	0	0	0	0	2	0	0	0	0
"ted/ken_robinson_says_schools_kill_creativity"	2	0	0.5	0	0	1	0	0	0	0
"ted/marcin_jakubowski"	2	0	0	0	0	2	0	1	0	0
"ted/mary_roach_10_things_you_didn_t_know_about_orgasm"	2	0	0	0.5	0	1	0	1	0	0
"ted/michael_sandel_the_lost_art_of_democratic_debate"	2	0	0	0	0	1	0	0	0	0
"ted/michael_shermer_on_believing_strange_things"	2	0.5	0	0	0	1	0	1	0	0
"ted/misha_glenny_investigates_global_crime_networks"	2	0	0	0.5	0	1	0	0.5	0	0
"ted/oliver_sacks_what_hallucination_reveals_about_our_minds"	0	0	0	0	0	1	0	2	0	0
"ted/rebecca_saxe_how_brains_make_moral_judgments"	0	0	0	0.5	0	1	0	2	0	0
"ted/robert_thurman_on_compassion"	2	1	0.5	0	0	1	0	0	0	0
"ted/rory_sutherland_life_lessons_from_an_ad_man"	2	0	0	0	0	1	0	0	0	0
"ted/sean_gourley_on_the_mathematics_of_war"	0	0	0	1	0	1	0	2	0	0
"ted/siegfried_woldhek_shows_how_he_found_the_true_face_of_leonardo"	2	0	0	0.5	0	1	0	0.5	0	0
"ted/stephen_wolfram_computing_a_theory_of_everything"	0	0	0	0.5	0	1	1	2	0	0
"ted/tom_wujec_build_a_tower"	2	0	0	0	0	1	0	1	0	0
"ted/tom_wujec_on_3_ways_the_brain_creates_meaning"	0.5	0	0	0	0	1	0	2	0	0
"ted/william_li"	0	0	0	0.5	0	1	0	2	0	0
"un/A_AC252_L13"	1	0	0.5	0	2	0	0	1	0	0
"un/A_C3_61_L17"	1	0	0.5	0	2	0	0	0	0	0
"un/APLC_MSP2_2000_1"	1	0	0	1	0	0	0	0	2	0
"un/CCW_APII_CONF4_SR2"	1	0	0.5	0	1	0	0	0.5	2	0
"un/CD_1605"	1	0	0	2	0	0	1	0	0	0
"un/CD_1606"	2	0	0.5	0.5	1	0.5	0	0.5	0	0
"un/CD_1672"	2	0	0	0.5	0	1	0	1	0	0
"un/CD_PV1080"	1	0.5	0	0.5	0	2	0	0	0	0
"un/CD_PV1157"	2	0	0	0.5	0.5	0	0	0	0	0
"un/CD_PV857"	1	0	0	0	0	2	0	0	0	0
"un/CD_PV861"	2	0	0	1	0.5	1	0	0.5	0	0
"un/CEDAW_C_2002_II_3_ADD2"	2	0	0	0.5	0.5	0	0	0	0	0
"un/CES_SEM52_2"	2	0	0	0.5	0	0	0	1	0	0
"un/CES_SEM52_3"	2	0	0.5	0.5	0	0	0	1	0	0
"un/CLCS_34"	1	0	0	1	1	0	0	0	2	0
"un/CRC_GC_2003_4"	1	0	0	1	2	0	0	0	0	0
"un/DP_2002_34"	1	0	0.5	1	0	0	0	0	2	0
"un/E_C16_2002_2"	2	0	0.5	0	0	0	0	1	0	0
"un/E_CN17_2002_PC2_19"	2	0	0	0.5	0	0.5	0	0	0	0
"un/E_CN3_2003_25"	1	0	0	1	0	0	0	0	2	0
"un/E_CN4_2003_G_12"	2	0	0	2	0	0.5	0	0	0	0
"un/E_CN4_2004_G_21"	2	0	0	2	0	0.5	0	0	0	0
"un/FCCC_SBI_2002_15"	0.5	0	0	0	0	0	0	2	0	0
"un/FCCC_SBI_2002_9"	1	0	1	0	0	0	0	2	0	0
"un/FCCC_SBI_2004_L27"	0	0	0	1	2	0	0	0.5	0	0
"un/HRI_CORE_1_ADD117"	1	0	0	1	0.5	0	0	0	2	0
"un/HRI_CORE_1_ADD123"	1	0	0	1	0	0	0	0	2	0
"un/HSP_GC_19_2_ADD2"	2	0	0	1	1	0	0	0	1	0
"un/IDB25_6"	0	0	0	1	0	0	0	0	2	0
"un/IDB35_13"	0	0	0	1	0.5	0	0	0	2	0
"un/ISBA_8_A_1"	0.5	0	0.5	0	0	0	0	2	0	0
"un/NPT_CONF2005_PCI_10"	0.5	0	0	1	0	0	0	0	2	0
"un/PBC24_1_ADD1"	0	0	0	1	1	0	0	0	2	0
"un/PBC24_4-IDB35_4"	0	0	0	1	0	0	0	0	2	0
"un/PBC_2_SLE_9"	1	0	0.5	1	0	0	0	0	2	0
"un/PCNICC_2000_1_ADD1"	0	0	1	0	2	0.5	0	0	0	0
"un/PCNICC_2001_WGAPIC_L1"	0	0	0	0	2	0	0	0	0	0
"un/S_2000_475"	2	0	0	0	0	0	0	0	0	0
"un/S_2000_817"	2	0	0	0	0	0	0	0	0	0
"un/S_2001_1038-A_56_521"	1	0	0	2	0	0	1	0	0	0
"un/S_2001_1039"	2	0	0	0.5	0	0	0	0	0	0
"un/S_2001_1317"	1	0	0	1	0.5	0	0	0	2	0
"un/S_2001_70-A_55_740"	2	0	0	0	0	0	0	0	0	0
"un/S_2001_947"	2	0	0	0	0	0	0	0	0	0
"un/S_2002_1141"	0.5	0	0	2	0	0	0	0	2	0
"un/S_2002_1180"	0.5	0	0	1	0	0	0	0	2	0
"un/S_2002_238-A_56_858"	2	0	0	0.5	0	0	0	0	0	0
"un/S_2002_313-A_56_888"	2	0	0	0.5	0	0	0	0	0	0
"un/S_2002_573-A_56_960"	2	0	0	0	0	0	0	1	0	0
"un/S_2003_326-A_ES-10_222"	2	0	0	2	0	0	0	0	0	0
"un/S_2006_490"	2	0	0	1	0	0	0	0	0	0
"un/S_2009_208-A_63_820"	2	0	0	0.5	0	0.5	0	0	0	0
"un/SAICM_ICCM2_INF_18"	0	0	0	1	1	0	0	0.5	2	0
"un/S_PV4596"	2	0	0	1	0	1	0	0	0	0
"un/S_PV4646"	2	0	0.5	1	0	1	0	0	0	0
"un/S_PV4684RESUMPTION1"	2	0	0	1	0	1	0	0	2	0
"un/S_PV4736"	2	0	0	1	0	1	0	0	0	0
"un/S_PV4903"	2	0	0	1	0	1	0	0	0	0
"un/S_PV4944"	2	0	0	0.5	0	1	0	0	0	0
"un/S_PV5627"	2	0	0	0	0	1	0	0	0	0
"un/ST_SGB_2002_9"	0	0	0	0	2	0	0	0	0	0
"un/TD_B_49_11"	2	0	0	1	0	0	0	0	0	0
"un/TD_B_49_SC2_L1"	1	0	0.5	0	0	0	0	0	2	0
"un/TD_B_COM3_54"	1	0	0	0	0	0	0	0	2	0
"un/TD_B_EX28_L1"	0	0	0	0	2	0	0	0	1	0
"un/TESTGVADUTY001"	2	0	0	1	0	0	0	0	0	0
"un/UNEP_GC_22_8_ADD2"	2	0	0	0	0	0	0	1	0	0
"un/UNEP_GC_24_2"	2	0	0	0	0	2	0	0.5	0	0
"un/UNEP_POPS_INC6_22"	0.5	0	0	0	1	0	0	1	2	0
"269949-mail"	0	0	0	0	0	2	0	0	0	0
"1198183-mail"	0.5	0	0	0	0	2	0	0	2	0
"4073721-mail"	0	2	0	0	0	0	0	0	0	0
"554219-mail"	0.5	0	0	0	0	0	2	0	0	2
"1377361-mail"	0	2	0	0	0	0	0	0	0	0
"1989177-mail"	0	0	2	0	0	1	0	0	0	0
"2656938-mail"	2	0	0	0	0	0.5	0	0	0	0.5
"3777141-mail"	0	0	0	0	0	0	0	0	0	2
"3936352-mail"	0.5	0	0	0	0	2	0	0	0	2
"3936623-mail"	0	0	0	0	0	2	0	0	0	0
"4355191-mail"	0	0	2	0	0	1	0	0	0.5	0
"4512138-mail"	0	1	0	0	0	2	0	0	0	0
"623907-mail"	0	0	0	0	0	2	0	0	0	1
"3944644-mail"	0	0	0	0	0	0	0	0	0	2
"4079561-mail"	0	0	0	0	0	2	0	0	0	0
"18383-mail"	0	2	0	0	0	0.5	0	0	0.5	0
"214379-mail"	0	0	2	0	0	0	0	0.5	0	0
"586315-mail"	0	0	0	0	0	2	0	0	0	0.5
"3455827-mail"	2	0	0	0	0	0.5	0	0	0.5	0
"3949128-mail"	0	0	2	0	0	1	0	0	0	0
"3323284-mail"	0	2	0	0	0	0	0	0	0	0
"3653000-mail"	0	0	0	0	0	0	0	0	2	0
"4425762-mail"	0	0	0	0	0	2	0	0	0	0
"119885-mail"	1	0	0	0	0	2	0	0	0	0.5
"2908008-mail"	0	2	0	0	0	2	0	0	0	0
"5242292-mail"	2	0	0	0	0	0.5	0	0	0	0.5
"3547404-mail"	2	0	0	0	0	0	0	0	0	0.5
"1376529-mail"	1	0	0	0	0	2	0	0	0	1
"1859583-mail"	2	0	0	0	0	1	0	0	0	1
"2781977-mail"	0	2	0	0	0	0	0	0	0	0
"3161796-mail"	0.5	0	0	0	0	2	0	0	0	2
"144951-mail"	0	0	0	0	0	2	0	0	0	0
"262498-mail"	0	0.5	0	0	0	2	0	0	0	0
"4042924-mail"	0	0	0	0	0	0	0	0	0	2
"4887814-mail"	0	0	0	0	0	2	0	0	0	0.5
"5457490-mail"	2	0	0	0	0	0	0	0	0	0
"5517765-mail"	0	0	0	0	0	2	0	0	0	0
"5810307-mail"	1	2	0	0	0	0	0	0	0.5	0.5
"1535-mail"	2	1	0	0	0	0	0	0	0	0.5
"807512-mail"	0	0	0	0	0	2	0	0	0	0
"1937652-mail"	0	2	0	0	0	2	0	0	0	0
"5819412-mail"	1	0	2	0	0	0	0	0	2	0
"529558-mail"	0	0	0	0	0	2	0	0	0	0
"3159770-mail"	0	0	2	0	0	0	0	0	0	0
"3664747-mail"	0	2	0	0	0	0	0	0	0	0.5
"6846-mail"	0	0	2	0	0	0	0	0	0	0
"2458149-mail"	2	0	0	0	0	0	0	0	0	0
"4366249-mail"	0.5	0	0	0	0	2	0	0	0	0.5
"4886813-mail"	0	0	0	0	0	2	0	0	0	2
"5010864-mail"	0	0	0	0	0	2	0	0	0	0
"1238757-mail"	0	0	0	0	0	2	0	0	0	0.5
"1327239-mail"	2	0	0	0	0	0.5	0	0	0	0
"1987992-mail"	2	0	0	0	0	0.5	0	0	0.5	0
"2604908-mail"	2	0	0	0	0	0	0	1	0	0.5
"1432455-mail"	2	0	0	0	0	0.5	0	0	0	0.5
"884434-mail"	0	0	0	0	0	2	0	0	0	0.5
"4259421-mail"	0	0	0	0	0	2	0	0	0	0.5
"4667815-mail"	0.5	0	0	0	0	2	0	0	0	0
"5277217-mail"	0	0	0	0	0	2	0	0	0	0.5
"3016741-mail"	0	0	2	0	0	0	0	0	0	0
"5838826-mail"	2	0	2	0	0	0.5	0	0	2	0
"1119068-mail"	2	1	0	0	0	1	0	0	0	0
"1243826-mail"	0.5	1	0	0	0	0	0	0	0	2
"2959127-mail"	0	0	0	0	0	2	0	0	0	0
"3252948-mail"	1	0	0	0	0	2	0	0	0	1
"5243730-mail"	0	0	2	0	0	0	0	0	0	0
"5012072-mail"	0	0	0	0	0	2	0	0	0	0
"5180092-mail"	0.5	0	0	0	0	2	0	0	0	0
"5361156-mail"	2	0	0	0	0	0	0	0	0	0.5
"316476-mail"	0.5	0	0	0	0	2	0	0	0	0.5
"3723536-mail"	0	2	0	0	0	0	0	0	0	1
"4397124-mail"	2	0	0	0	0	1	0	0	0	0
"4629681-mail"	0	2	0	0	0	0	0	0	0	0
"697513-mail"	2	0	0	0	0	0.5	0	0	0	0
"1223108-mail"	0.5	0	0	0	0	2	0	0	0	0
"1836212-mail"	2	0	0	0	0	0	0	0	0	1
"3214284-mail"	1	0	0	0	0	2	0	0	0	2
"4573324-mail"	0.5	0	0	0	0	2	0	0	0	2
"3064203-mail"	0	0	0	0	0	2	0	0	0	2
"5652219-mail"	2	0	0	0	0	0	0	0	0	0
"183991-mail"	1	0	2	0	0	0	0	0	0	0
"420227-mail"	1	0	0	0	0	2	0	0	0	1
"2539617-mail"	0	0	0	0	0	2	0	0	0	1
"3196087-mail"	0.5	2	0	0	0	2	0	0	0	0
"3636411-mail"	0	0	2	0	0	0	0	0	0	0.5
"3701245-mail"	2	0	0	0	0	0.5	0	0	0	1
"4988698-mail"	0	2	0.5	0	0	2	0	0	0	0
"5721944-mail"	2	0	0	0	0	0	0	0	0	0
"2957133-mail"	0	0	0	0	0	2	0	0	0	1
"3941120-mail"	0	0	0	0	0	2	0	0	0	0
"1094344-mail"	2	0	0	0	0	1	0	0	0	0.5
"1529438-mail"	2	0	0	0	0	0	0	0	0	1
"2999251-mail"	0	2	0	0	0	0.5	0	0	0	0
"5069025-mail"	0	0	0	0	0	2	0	0	0	2
"34670653-livejournal"	1	0	0	0.5	0	0	0	2	0	0.5
"16787503-livejournal"	0	2	0	0	0	1	0	0	0	0
"9458259-livejournal"	0.5	0	1	2	0	0.5	0	0	0.5	0
"13318019-livejournal"	0	0.5	0	0	0	2	0	0	0	0
"31212931-livejournal"	0	0	0	0	0	2	0	0	0	0.5
"8359435-livejournal"	0	0	0	0	0	2	0	0	0	1
"9945876-livejournal"	0	0	0	0	0	2	0	0	0	0
"16100043-livejournal"	0	0	0	0	0	2	0	0	0	0.5
"28033492-livejournal"	0	0	0	0	0	2	0	0	0	1
"3931232-livejournal"	0	2	0	0	0	0	0	0	0	0
"13555091-livejournal"	0	0	0	2	0	0.5	0	0	0	0.5
"3632137-livejournal"	0	2	0.5	0	0	0	0	0	0	0
"14723868-livejournal"	0	0	0	2	0	2	0	0	0	0
"15980316-livejournal"	0	0	0	0	0	2	0	0	0	0
"9627006-livejournal"	2	0	0	0	0	0	0	0	1	0
"13260158-livejournal"	2	0	0	0	0	0	0	0	0	0
"23172548-livejournal"	0	0	0	0	0	2	0	0	0	0.5
"7069342-livejournal"	0	0	0	0	0	2	0	0	0	1
"17302621-livejournal"	0	0	0	0	0	2	0	0	0.5	0
"27864243-livejournal"	0	0	0	0	0	2	0	0	0	0.5
"13398391-livejournal"	2	0	0	0.5	0.5	0.5	0	0	0	1
"40518167-livejournal"	2	0	0	0	0	1	0	0	0	0
"2023262-livejournal"	0	0	0	0	0	2	0	0	0.5	0.5
"34992017-livejournal"	0	0	0	0	0	2	0	0	0	0.5
"6196249-livejournal"	0.5	0	0	1	0	2	2	0	0	0.5
"39304934-livejournal"	0.5	0	0	0	2	0	0	0.5	0	1
"11162709-livejournal"	0.5	0	0	0	0	2	0	0	0	2
"10272786-livejournal"	0	0	0	0	0	2	0	0	0	0
"12287645-livejournal"	0	0	2	0	0	0	0	1	0	0
"233974-livejournal"	0	0	0	0	0	2	0	0	0	0.5
"11962358-livejournal"	0	0	0	0	0	2	0	0	0	0
"34717072-livejournal"	1	0	0	0	2	0	0	0	0	0
"34242120-livejournal"	0	2	0	0	0	2	0	0	0	0
"17811286-livejournal"	0	0	0	0	0	0.5	2	0	0	1
"18698976-livejournal"	2	0	0	0	0	0.5	0	0	0	0
"42562519-livejournal"	2	0	0	0	0	0.5	0	0	0	0.5
"4786707-livejournal"	0	0	0	0	0	2	0	0	0.5	0
"5807835-livejournal"	2	0	0	0	0	2	0	0	0	0
"9275611-livejournal"	0	0	0	0	0	2	0	0	0	0
"20399015-livejournal"	0	0	0	0	0	2	0	0	0	0
"7298203-livejournal"	1	0	0	0	0	2	0	0	0.5	1
"30809243-livejournal"	0	0	0	1	0	2	0	0	0	0
"29768354-livejournal"	0	1	0	0	0	2	0	0	0	0
"24125901-livejournal"	0	0	0	0	0	2	0	0	0	0
"1169613-livejournal"	0	0	0	0	0	2	0	0	0	0
"4035606-livejournal"	2	0	0	0	0	1	0	0	1	0.5
"41436506-livejournal"	2	0	0	0	0	0	0	0	1	0
"33278949-livejournal"	1	0	0	0	0	2	0	0	0	0.5
"13703121-livejournal"	0.5	0	0	0	0	2	0	0	0	0
"33418876-livejournal"	0.5	0	0	2	0	0	0	0	0	0.5
"39868019-livejournal"	1	0	0	0	0	2	0	0	0	0.5
"11230785-livejournal"	0.5	0	0	0	0	2	0	0	0	0
"33222776-livejournal"	0	0	0	0	0	2	0	0	0	0
"42846712-livejournal"	0	0	0	0	0	2	1	0	0	0
"21587728-livejournal"	0	2	0	0	0	2	0	0	0	0
"18157946-livejournal"	0	0	0	0	0	2	0.5	0	0	0
"30869055-livejournal"	0	0	0	0	0	2	0	0	0	1
"33823048-livejournal"	0	0	0	0	0	2	0	0	0	1
"28204478-livejournal"	0	0	0	0	0	2	0	0	0	0
"22754658-livejournal"	0	0	0	0	0	2	0	0	0	0.5
"28811618-livejournal"	2	0	0	0.5	0	0	0	0	2	0
"14392083-livejournal"	1	0	0	0	0	2	0	0	0	1
"7446933-livejournal"	0	0	0	0	0	2	0	0	0	0.5
"178971-livejournal"	0	0	0	0	0	2	0	0	0	0
"17205019-livejournal"	0	0	0	0	0	2	0	0	0	0
"37636406-livejournal"	0.5	0	0	0.5	0	2	0.5	0	0	2
"9565079-livejournal"	0	0	0	0	0	2	0	0	0	0
"10084891-livejournal"	0	0	0	2	0	0	0	0	0	0
"37380635-livejournal"	0	0	0	0	0	2	0	0	0	0
"17470595-livejournal"	0	0	0	0	0	2	0	0	0	0.5
"16343991-livejournal"	0	0	0	0	0	2	0	0	1	1
"10751126-livejournal"	0.5	0	0	0	0	2	0	0	0	2
"15881788-livejournal"	2	0	0	0	0	2	0	0	0.5	0.5
"21379950-livejournal"	0	0	0	0	0	2	0	0	0	2
"33110382-livejournal"	2	0	0	0	0	2	0	0	0.5	0
"26377708-livejournal"	0	0	0	0	0	2	0	0	0	0
"34819748-livejournal"	2	0	0	0	2	0	0	0	0.5	0.5
"7618849-livejournal"	0	0	0	0	0	2	0	0	1	2
"35157158-livejournal"	0	0	0	0	0	2	0	0	0	2
"33640924-livejournal"	0	0	0	0	0	2	0	0	0	0
"6496424-livejournal"	0	0	0	0	0	2	0	0	0	0
"10848588-livejournal"	0	0	0	0	0	2	0	0	0	0
"19061539-livejournal"	0	0	0	0	0	2	0	0	0	2
"35440372-livejournal"	2	0	0	0	0	1	0	0	0	0
"19374860-livejournal"	0	0	0	0	0	2	0	0	0	0
"30698525-livejournal"	0.5	0	0	0	0	2	0	0	0	0
"28942443-livejournal"	0	0	0	0	0	2	0	0	0	0
"41643067-livejournal"	0	2	0	0	0	2	0	0	0	0.5
"42413404-livejournal"	0	0	0	0	0	2	0	0	2	0.5
"28460019-livejournal"	0	0	0	0	0	0	2	0	1	0
"20662651-livejournal"	0	2	0	0	0	0	2	0	0	1
"16515113-livejournal"	0	0	0	0	0	2	0	0	0	0
"16573421-livejournal"	0	0	0	2	0	0.5	0	0	0	0
"27459373-livejournal"	0	0	0	0	0	2	0	0	0	0.5
"__id__00014132-com-com"	0	0	0	0	0	0	2	0	0	0
"__id__00029616-photics-photics"	0	0	0	0	0	0	2	0	0	0
"__id__00039818-isbeauty-isbeauty"	0	0	0	0	0	0	2	0	0	0
"__id__00041815-isbeauty-isbeauty"	0	0	0	0	0	0	2	0	0	0
"__id__00072251-hwp-hwp"	0	0	0	0	0	0	2	0	0	0
"__id__00073962-vipceiling-vipceiling"	0	0	0	0	0	0	2	0	0	0
"__id__00083901-oknamaster-oknamaster"	0	0	0	0	0	0	2	0	0	0
"__id__00084819-alless-alless"	0	0	0	0	0	0	2	0	0	0
"__id__00095875-allrepairs-allrepairs"	0	0	0	0	0	0	2	0	0	0
"__id__00102112-intellekt-stroy-intellekt-stroy"	0	0	0	0	0	0	2	0	0	0
"__id__00103160-intellekt-stroy-intellekt-stroy"	0	0	0	0	0	0	2	0	0	0
"__id__00103765-intellekt-stroy-intellekt-stroy"	0	0	0	0	0	0	2	0	0	0
"__id__00107983-onlinewoman-onlinewoman"	0	0	0	0	0	0	2	0	0	0
"__id__00128472-wild-mistress-wild-mistress"	0	0	0	0	0	0	2	0	0	0
"__id__00134465-wild-mistress-wild-mistress"	0	0	0	0	0	0	2	0	0	0
"__id__00143386-dochkinkapriz-dochkinkapriz"	0	0	0	0	0	0	2	0	0	0
"__id__00146769-remont-balkonov-remont-balkonov"	0	0	0	0	0	0	2	0	0	0
"__id__00149704-remont-balkonov-remont-balkonov"	0	0	0	0	0	0	2	0	0	0
"__id__00160547-hi-fishop-hi-fishop"	0	0	0	0	0	0	2	0	0	0
"__id__00162774-avtoobuv-avtoobuv"	0	0	0	0	0	0	2	0	0	0
"__id__00166639-com-com"	0	0	0	0	0	0	2	0	0	0
"__id__00169179-fotoshop-fotoshop"	0	0	0	0	0	0	2	0	0	0
"__id__00171678-hwp-hwp"	0	0	0	0	0	0	2	0	0	0
"__id__00175311-tula-monolit-tula-monolit"	0	0	0	0	0	0	2	0	0	0
"__id__00184349-aquastok-aquastok"	0	0	0	0	0	0	2	0	0	0
"__id__00185793-usmebel-usmebel"	0	0	0	0	0	0	2	0	0	0
"__id__00196594-ugasp-ugasp"	0	0	0	0	0	0	2	0	0	0
"__id__00197524-domvelesa-domvelesa"	0	0	0	0	0	0	2	0	0	0
"__id__00205224-wikimart-wikimart"	0	0	0	0	0	0	2	0	0	0
"__id__00207340-moulinex-shop-moulinex-shop"	0	0	0	0	0	0	2	0	0	0
"__id__00211291-drupal-drupal"	0	0	0	0	0	0	2	0	0	0
"__id__00213072-moulinex-shop-moulinex-shop"	0	0	0	0	0	0	2	0	0	0
"__id__00218462-s-t-group-s-t-group"	0	0	0	0	0	0	2	0	0	0
"__id__00221886-ntk-teh-ntk-teh"	0	0	0	0	0	0	2	0	0	0
"__id__00226324-france-decor-france-decor"	0	0	0	0	0	0	2	0	0	0
"__id__00277001-tereza-aesthetic-tereza-aesthetic"	0	0	0	0	0	0	2	0	0	0
"__id__00281631-super-karapuz-super-karapuz"	0	0	0	0	0	0	2	0	0	0
"__id__00289538-med-vera-med-vera"	0	0	0	0	0	0	2	0	0	0
"__id__00294499-com-com"	0	0	0	0	0	0	2	0	0	0
"__id__00300884-softolab-softolab"	0	0	0	0	0	0	2	0	0	0
"__id__00310559-ufokids-ufokids"	0	0	0	0	0	0	2	0	0	0
"__id__00317090-detmassage-detmassage"	0	0	0	0	0	0	2	0	0	0
"__id__00334853-spetsemal-spetsemal"	0	0	0	0	0	0	2	0	0	0
"__id__00339597-devipol-devipol"	0	0	0	0	0	0	2	0	0	0
"__id__00341095-lazerok-lazerok"	0	0	0	0	0	0	2	0	0	0
"__id__00344267-sp-sp"	0	0	0	0	0	0	2	0	0	0
"__id__00352706-pspstrana-pspstrana"	0	0	0	0	0	0	2	0	0	0
"__id__00359353-ivagio-ivagio"	0	0	0	0	0	0	2	0	0	0
"__id__00360681-bestforhome-bestforhome"	0	0	0	0	0	0	2	0	0	0
"__id__00370536-pkmaster-pkmaster"	0	0	0	0	0	0	2	0	0	0
"__id__00378662-proshtory-proshtory"	0	0	0	0	0	0	2	0	0	0
"__id__00386402-banket-catering-banket-catering"	0	0	0	0	0	0	2	0	0	0
"__id__00393423-tdinteres-tdinteres"	0	0	0	0	0	0	2	0	0	0
"__id__00443066-domvelesa-domvelesa"	0	0	0	0	0	0	2	0	0	0
"__id__00443222-salon-helga-salon-helga"	0	0	0	0	0	0	2	0	0	0
"__id__00445700-supersvet-supersvet"	0	0	0	0	0	0	2	0	0	0
"__id__00465067-ntk-teh-ntk-teh"	0	0	0	0	0	0	2	0	0	0
"__id__00465381-mskstroydom-mskstroydom"	0	0	0	0	0	0	2	0	0	0
"__id__00495474-biltex-biltex"	0	0	0	0	0	0	2	0	0	0
"__id__00509399-embaven-embaven"	0	0	0	0	0	0	2	0	0	0
"__id__00545329-specavto-specavto"	0	0	0	0	0	0	2	0	0	0
"__id__00549270-automag-sklad-automag-sklad"	0	0	0	0	0	0	2	0	0	0
"__id__00556066-ealana-ealana"	0	0	0	0	0	0	2	0	0	0
"__id__00586975-optivisions-optivisions"	0	0	0	0	0	0	2	0	0	0
"__id__00599739-floralblog-floralblog"	0	0	0	0	0	0	2	0	0	0
"__id__00601342-happylook-happylook"	0	0	0	0	0	0	2	0	0	0
"__id__00604515-nika-mebel-nika-mebel"	0	0	0	0	0	0	2	0	0	0
"__id__00606338-thetastroy-thetastroy"	0	0	0	0	0	0	2	0	0	0
"__id__00609603-net-musoru-net-musoru"	0	0	0	0	0	0	2	0	0	0
"__id__00613606-rusvorota-rusvorota"	0	0	0	0	0	0	2	0	0	0
"__id__00616977-com-com"	0	0	0	0	0	0	2	0	0	0
"__id__00618956-potolki-mercury-potolki-mercury"	0	0	0	0	0	0	2	0	0	0
"__id__00620488-com-com"	0	0	0	0	0	0	2	0	0	0
"__id__00621830-aquasila-aquasila"	0	0	0	0	0	0	2	0	0	0
"__id__00624334-master-bus-master-bus"	0	0	0	0	0	0	2	0	0	0
"__id__00624844-deltastroy-deltastroy"	0	0	0	0	0	0	2	0	0	0
"__id__00626449-wild-mistress-wild-mistress"	0	0	0	0	0	0	2	0	0	0
"__id__00633936-goodroofing-goodroofing"	0	0	0	0	0	0	2	0	0	0
"__id__00634096-askkt-askkt"	0	0	0	0	0	0	2	0	0	0
"__id__00634484-kosour-kosour"	0	0	0	0	0	0	2	0	0	0
"__id__00636709-almacenter-almacenter"	0	0	0	0	0	0	2	0	0	0
"__id__00656179-com-com"	0	0	0	0	0	0	2	0	0	0
"__id__00656970-dream-divan-dream-divan"	0	0	0	0	0	0	2	0	0	0
"__id__00665263-global55-global55"	0	0	0	0	0	0	2	0	0	0
"__id__00672426-luxlux-luxlux"	0	0	0	0	0	0	2	0	0	0
"__id__00678189-od-od"	0	0	0	0	0	0	2	0	0	0
"__id__00678929-himppu-himppu"	0	0	0	0	0	0	2	0	0	0
"__id__00685885-spb-komplekt-spb-komplekt"	0	0	0	0	0	0	2	0	0	0
"__id__00686940-nerainvest-nerainvest"	0	0	0	0	0	0	2	0	0	0
"__id__00698958-kinorim-kinorim"	0	0	0	0	0	0	2	0	0	0
"__id__00710753-niros-niros"	0	0	0	0	0	0	2	0	0	0
"__id__00711008-algoritmsintez-algoritmsintez"	0	0	0	0	0	0	2	0	0	0
"__id__00711515-ecocoolers-ecocoolers"	0	0	0	0	0	0	2	0	0	0
"__id__00713926-buksir911-buksir911"	0	0	0	0	0	0	2	0	0	0
"__id__00718572-str-p-str-p"	0	0	0	0	0	0	2	0	0	0
"__id__00723185-ctc-motors-ctc-motors"	0	0	0	0	0	0	2	0	0	0
"__id__00725944-rbauto-rbauto"	0	0	0	0	0	0	2	0	0	0
"__id__00730823-krepmetiz-krepmetiz"	0	0	0	0	0	0	2	0	0	0
"__id__00730943-med-shop-med-shop"	0	0	0	0	0	0	2	0	0	0
"__id__00731470-stroyassortiment-stroyassortiment"	0	0	0	0	0	0	2	0	0	0
"__id__00736470-tekkoprom-tekkoprom"	0	0	0	0	0	0	2	0	0	0
"__id__00746790-clinica-extramed-clinica-extramed"	0	0	0	0	0	0	2	0	0	0
"__id__00749187-rusoul-rusoul"	0	0	0	0	0	0	2	0	0	0
"__id__00750358-com-com"	0	0	0	0	0	0	2	0	0	0
"__id__00753208-goodcenitel-goodcenitel"	0	0	0	0	0	0	2	0	0	0
"__id__00754852-dimmax-dimmax"	0	0	0	0	0	0	2	0	0	0
"__id__00755158-potolki-mercury-potolki-mercury"	0	0	0	0	0	0	2	0	0	0
"__id__00758955-nugabest-sibir-nugabest-sibir"	0	0	0	0	0	0	2	0	0	0
"__id__00763069-everestcosmetic-everestcosmetic"	0	0	0	0	0	0	2	0	0	0
"__id__00773294-bierhaus-bierhaus"	0	0	0	0	0	0	2	0	0	0
"__id__00775661-net-net"	0	0	0	0	0	0	2	0	0	0
"__id__00777545-flashki-optom-flashki-optom"	0	0	0	0	0	0	2	0	0	0
"__id__00778413-red-line-red-line"	0	0	0	0	0	0	2	0	0	0
"__id__00782389-tamak-tamak"	0	0	0	0	0	0	2	0	0	0
"__id__00783081-mk4s-mk4s"	0	0	0	0	0	0	2	0	0	0
"__id__00783583-astera-astera"	0	0	0	0	0	0	2	0	0	0
"__id__00793105-igry-vkontakte-igry-vkontakte"	0	0	0	0	0	0	2	0	0	0
"__id__00799300-reclama-expo-reclama-expo"	0	0	0	0	0	0	2	0	0	0
"__id__00802771-po-stroy-po-stroy"	0	0	0	0	0	0	2	0	0	0
"__id__00806627-danko-danko"	0	0	0	0	0	0	2	0	0	0
"__id__00813385-xango-sok-xango-sok"	0	0	0	0	0	0	2	0	0	0
"__id__00829128-wild-mistress-wild-mistress"	0	0	0	0	0	0	2	0	0	0
"__id__00831695-askkt-askkt"	0	0	0	0	0	0	2	0	0	0
"__id__00844350-online-gysmi-online-gysmi"	0	0	0	0	0	0	2	0	0	0
"__id__00851609-com-com"	0	0	0	0	0	0	2	0	0	0
"__id__00853876-tm-avto-tm-avto"	0	0	0	0	0	0	2	0	0	0
"__id__00855864-pan-parket-pan-parket"	0	0	0	0	0	0	2	0	0	0
"__id__00867738-mk4s-mk4s"	0	0	0	0	0	0	2	0	0	0
"__id__00876955-ph-ceilings-ph-ceilings"	0	0	0	0	0	0	2	0	0	0
"__id__00879946-js-torg-rostov-js-torg-rostov"	0	0	0	0	0	0	2	0	0	0
"__id__00886132-aist-co-aist-co"	0	0	0	0	0	0	2	0	0	0
"__id__00895308-com-com"	0	0	0	0	0	0	2	0	0	0
"__id__00896986-dream-divan-dream-divan"	0	0	0	0	0	0	2	0	0	0
"__id__00899826-krovland-krovland"	0	0	0	0	0	0	2	0	0	0
"__id__00903943-slimmy-slimmy"	0	0	0	0	0	0	2	0	0	0
"__id__00919779-hz-weitzel-hz-weitzel"	0	0	0	0	0	0	2	0	0	0
"__id__00923598-robzone-robzone"	0	0	0	0	0	0	2	0	0	0
"__id__00931574-krovland-krovland"	0	0	0	0	0	0	2	0	0	0
"__id__00938754-multicam-multicam"	0	0	0	0	0	0	2	0	0	0
"__id__00940062-newtile-newtile"	0	0	0	0	0	0	2	0	0	0
"__id__00945554-canta-canta"	0	0	0	0	0	0	2	0	0	0
"__id__00947549-mykirpich-mykirpich"	0	0	0	0	0	0	2	0	0	0
"__id__00950999-alego-alego"	0	0	0	0	0	0	2	0	0	0
"__id__00953939-dolinasnov-dolinasnov"	0	0	0	0	0	0	2	0	0	0
"__id__00967106-ukrizra-ukrizra"	0	0	0	0	0	0	2	0	0	0
"__id__00972370-com-com"	0	0	0	0	0	0	2	0	0	0
"__id__00973886-com-com"	0	0	0	0	0	0	2	0	0	0
"__id__00983756-slomanet-slomanet"	0	0	0	0	0	0	2	0	0	0
"__id__00984211-printinter-printinter"	0	0	0	0	0	0	2	0	0	0
"__id__00984624-redpoint-redpoint"	0	0	0	0	0	0	2	0	0	0
"__id__00985268-annyer-paris-annyer-paris"	0	0	0	0	0	0	2	0	0	0
"__id__00995133-nps-krov-nps-krov"	0	0	0	0	0	0	2	0	0	0
"__id__01001881-aquaroof-aquaroof"	0	0	0	0	0	0	2	0	0	0
"__id__01002266-bork-bork"	0	0	0	0	0	0	2	0	0	0
"__id__01014667-textil-print-textil-print"	0	0	0	0	0	0	2	0	0	0
"__id__01028666-2444443-2444443"	0	0	0	0	0	0	2	0	0	0
"__id__01036340-list-prof-list-prof"	0	0	0	0	0	0	2	0	0	0
"__id__01040240-3d-stroy-3d-stroy"	0	0	0	0	0	0	2	0	0	0
"__id__01040314-mercedes-connect-mercedes-connect"	0	0	0	0	0	0	2	0	0	0
"__id__01051045-2444443-2444443"	0	0	0	0	0	0	2	0	0	0
"__id__01093971-planokon-planokon"	0	0	0	0	0	0	2	0	0	0
"__id__01097995-unitsport-unitsport"	0	0	0	0	0	0	2	0	0	0
"__id__01099963-unipack-unipack"	0	0	0	0	0	0	2	0	0	0
"__id__01105401-svoi-svoi"	0	0	0	0	0	0	2	0	0	0
"__id__01110851-moskas-moskas"	0	0	0	0	0	0	2	0	0	0
"__id__01115836-spksetka-spksetka"	0	0	0	0	0	0	2	0	0	0
"__id__01127660-avtovishka-arenda-avtovishka-arenda"	0	0	0	0	0	0	2	0	0	0
"__id__01130426-ladogaspb-ladogaspb"	0	0	0	0	0	0	2	0	0	0
"__id__01131419-promotion-promotion"	0	0	0	0	0	0	2	0	0	0
"__id__01131581-labinter-labinter"	0	0	0	0	0	0	2	0	0	0
"__id__01132054-abo-abo"	0	0	0	0	0	0	2	0	0	0
"__id__01136464-lift77-lift77"	0	0	0	0	0	0	2	0	0	0
"__id__01137109-kovroopttorg-kovroopttorg"	0	0	0	0	0	0	2	0	0	0
"__id__01152446-pro100biznes-pro100biznes"	0	0	0	0	0	0	2	0	0	0
"__id__01152641-alstroi15-alstroi15"	0	0	0	0	0	0	2	0	0	0
"__id__01161989-4prosound-4prosound"	0	0	0	0	0	0	2	0	0	0
"__id__01168262-mazda-online-mazda-online"	0	0	0	0	0	0	2	0	0	0
"__id__01168624-krm-krov-krm-krov"	0	0	0	0	0	0	2	0	0	0
"__id__01172154-bitprom-bitprom"	0	0	0	0	0	0	2	0	0	0
"__id__00004934-gumer-gumer"	0	0	0	0	0	0	0	2	0	0
"__id__00028362-skeptik-skeptik"	0	0	0	0	0	0	0	2	0	0
"__id__00062655-vintagearabians-vintagearabians"	0	0	0	0	0	0	0	2	0	0
"__id__00069388-gumer-gumer"	0	0	0	0	0	0	0	2	0	0
"__id__00087372-gumer-gumer"	0	0	0	0	0	0	0	2	0	0
"__id__00126199-portal-slovo-portal-slovo"	0	0	0	0	0	0	0	2	0	0
"__id__00178057-exdat-exdat"	0	0	0	0	0	0	0	2	0	0
"__id__00255718-sci-lib-sci-lib"	0	0	0	0	0	0	0	2	0	0
"__id__00267455-portal-credo-portal-credo"	0	0	0	0	0	0	0	2	0	0
"__id__00275720-intelros-intelros"	0	0	0	0	0	0	0	2	0	0
"__id__00446197-portalus-portalus"	0	0	0	0	0	0	0	2	0	0
"__id__00491746-usu-usu"	0	0	0	0	0	0	0	2	0	0
"__id__00643559-semeyskie-semeyskie"	0	0	0	0	0	0	0	2	0	0
"__id__00715367-ihst-ihst"	0	0	0	0	0	0	0	2	0	0
"__id__00769100-exdat-exdat"	0	0	0	0	0	0	0	2	0	0
"__id__00963511-ricolor-ricolor"	0	0	0	0	0	0	0	2	0	0
"__id__00973097-nrpsy-nrpsy"	0	0	0	0	0	0	0	2	0	0
"__id__01018137-ecoteco-ecoteco"	0	0	0	0	0	0	0	2	0	0
"__id__01031227-org-org"	0	0	0	0	0	0	0	2	0	0
"__id__01033191-follow-follow"	0	0	0	0	0	0	0	2	0	0
"__id__01070097-cyberleninka-cyberleninka"	0	0	0	0	0	0	0	2	0	0
"__id__01092520-trinitas-trinitas"	0	0	0	0	0	0	0	2	0	0
"__id__01120501-cyberleninka-cyberleninka"	0	0	0	0	0	0	0	2	0	0
"__id__00037449-dreamwidth-dreamwidth"	0	0	0	0	0	0	0	0	0	2
"__id__00041382-crem-brule-crem-brule"	0	0	0	0	0	0	0	0	0	2
"__id__00076144-svportal-svportal"	0	0	0	0	0	0	0	0	0	2
"__id__00124971-koob-koob"	0	0	0	0	0	0	0	0	0	2
"__id__00125749-km-km"	0	0	0	0	0	0	0	0	0	2
"__id__00133160-ceshka-ceshka"	0	0	0	0	0	0	0	0	0	2
"__id__00162870-mosti-mosti"	0	0	0	0	0	0	0	0	0	2
"__id__00183986-1kinohd-1kinohd"	0	0	0	0	0	0	0	0	0	2
"__id__00188062-vokrugsveta-vokrugsveta"	0	0	0	0	0	0	0	0	0	2
"__id__00234656-htmlweb-htmlweb"	0	0	0	0	0	0	0	0	0	2
"__id__00235707-chekalov-chekalov"	0	0	0	0	0	0	0	0	0	2
"__id__00237998-apn-apn"	0	0	0	0	0	0	0	0	0	2
"__id__00268794-orangefrog-orangefrog"	0	0	0	0	0	0	0	0	0	2
"__id__00268974-fictionbook-fictionbook"	0	0	0	0	0	0	0	0	0	2
"__id__00269762-gunm-gunm"	0	0	0	0	0	0	0	0	0	2
"__id__00271026-kraska-gruntovka-kraska-gruntovka"	0	0	0	0	0	0	0	0	0	2
"__id__00288633-tonkosti-tonkosti"	0	0	0	0	0	0	0	0	0	2
"__id__00348160-megaobzor-megaobzor"	0	0	0	0	0	0	0	0	0	2
"__id__00365677-fictionbook-fictionbook"	0	0	0	0	0	0	0	0	0	2
"__id__00401437-chugreev-chugreev"	0	0	0	0	0	0	0	0	0	2
"__id__00420244-tenstars-tenstars"	0	0	0	0	0	0	0	0	0	2
"__id__00421565-bagnet-bagnet"	0	0	0	0	0	0	0	0	0	2
"__id__00432172-android-lg-optimus-android-lg-optimus"	0	0	0	0	0	0	0	0	0	2
"__id__00466263-skitalets76-skitalets76"	0	0	0	0	0	0	0	0	0	2
"__id__00539923-skitalets76-skitalets76"	0	0	0	0	0	0	0	0	0	2
"__id__00613739-spb-spb"	0	0	0	0	0	0	0	0	0	2
"__id__00635058-jnoo-jnoo"	0	0	0	0	0	0	0	0	0	2
"__id__00677017-seoresource-seoresource"	0	0	0	0	0	0	0	0	0	2
"__id__00703431-correctorskaya-correctorskaya"	0	0	0	0	0	0	0	0	0	2
"__id__00733624-olyapka-olyapka"	0	0	0	0	0	0	0	0	0	2
"__id__00759474-activeprofit-activeprofit"	0	0	0	0	0	0	0	0	0	2
"__id__00781588-itsmyday-itsmyday"	0	0	0	0	0	0	0	0	0	2
"__id__00782834-mumicafe-mumicafe"	0	0	0	0	0	0	0	0	0	2
"__id__00811618-moogle-moogle"	0	0	0	0	0	0	0	0	0	2
"__id__00819890-creatlive-creatlive"	0	0	0	0	0	0	0	0	0	2
"__id__00835797-ngs-ngs"	0	0	0	0	0	0	0	0	0	2
"__id__00844925-lookatusa-lookatusa"	0	0	0	0	0	0	0	0	0	2
"__id__00867780-dreamwidth-dreamwidth"	0	0	0	0	0	0	0	0	0	2
"__id__00868907-dimok-dimok"	0	0	0	0	0	0	0	0	0	2
"__id__00903269-prt56-prt56"	0	0	0	0	0	0	0	0	0	2
"__id__00908368-chestershoes-chestershoes"	0	0	0	0	0	0	0	0	0	2
"__id__00916955-vi-era-vi-era"	0	0	0	0	0	0	0	0	0	2
"__id__00942849-grani-grani"	0	0	0	0	0	0	0	0	0	2
"__id__00953296-laertsky-laertsky"	0	0	0	0	0	0	0	0	0	2
"__id__00954804-dcmagazine-dcmagazine"	0	0	0	0	0	0	0	0	0	2
"__id__01059440-polyova-polyova"	0	0	0	0	0	0	0	0	0	2
"__id__01065611-marianky-marianky"	0	0	0	0	0	0	0	0	0	2
"__id__01095741-com-com"	0	0	0	0	0	0	0	0	0	2
"__id__01101948-interkino-interkino"	0	0	0	0	0	0	0	0	0	2
"__id__01102555-com-com"	0	0	0	0	0	0	0	0	0	2
"__id__01170439-readmymind-readmymind"	0	0	0	0	0	0	0	0	0	2
"__id__00002858-russia-russia"	0	0	0	2	0	0	0	0	0	0
"__id__00004268-obozrevatel-obozrevatel"	0	0	0	2	0	0	0	0	0	0
"__id__00010024-newsroom-newsroom"	0	0	0	2	0	0	0	0	0	0
"__id__00010061-neva24-neva24"	0	0	0	2	0	0	0	0	0	0
"__id__00018304-avtoberloga-avtoberloga"	0	0	0	2	0	0	0	0	0	0
"__id__00019512-newsroom-newsroom"	0	0	0	2	0	0	0	0	0	0
"__id__00022714-shturmnovosti-shturmnovosti"	0	0	0	2	0	0	0	0	0	0
"__id__00023805-russia-russia"	0	0	0	2	0	0	0	0	0	0
"__id__00024295-interfax-interfax"	0	0	0	2	0	0	0	0	0	0
"__id__00025058-bfm-bfm"	0	0	0	2	0	0	0	0	0	0
"__id__00033265-obozrevatel-obozrevatel"	0	0	0	2	0	0	0	0	0	0
"__id__00035460-vz-vz"	0	0	0	2	0	0	0	0	0	0
"__id__00036163-sem40-sem40"	0	0	0	2	0	0	0	0	0	0
"__id__00042748-com-com"	0	0	0	2	0	0	0	0	0	0
"__id__00043599-mvestnik-mvestnik"	0	0	0	2	0	0	0	0	0	0
"__id__00049408-unian-unian"	0	0	0	2	0	0	0	0	0	0
"__id__00050521-in-in"	0	0	0	2	0	0	0	0	0	0
"__id__00051632-pravpiter-pravpiter"	0	0	0	2	0	0	0	0	0	0
"__id__00052957-russia-russia"	0	0	0	2	0	0	0	0	0	0
"__id__00054119-vacansia-vacansia"	0	0	0	2	0	0	0	0	0	0
"__id__00058515-iran-iran"	0	0	0	2	0	0	0	0	0	0
"__id__00063130-lenta-lenta"	0	0	0	2	0	0	0	0	0	0
"__id__00066781-newsroom-newsroom"	0	0	0	2	0	0	0	0	0	0
"__id__00067807-russia-russia"	0	0	0	2	0	0	0	0	0	0
"__id__00068211-reporter-ua-reporter-ua"	0	0	0	2	0	0	0	0	0	0
"__id__00070430-com-com"	0	0	0	2	0	0	0	0	0	0
"__id__00071610-oilgasfield-oilgasfield"	0	0	0	2	0	0	0	0	0	0
"__id__00075216-rbc-rbc"	0	0	0	2	0	0	0	0	0	0
"__id__00082094-inopressa-inopressa"	0	0	0	2	0	0	0	0	0	0
"__id__00083306-dirtynews-dirtynews"	0	0	0	2	0	0	0	0	0	0
"__id__00085497-regnum-regnum"	0	0	0	2	0	0	0	0	0	0
"__id__00087607-in-in"	0	0	0	2	0	0	0	0	0	0
"__id__00091398-obozrevatel-obozrevatel"	0	0	0	2	0	0	0	0	0	0
"__id__00097193-diztoplivo-diztoplivo"	0	0	0	2	0	0	0	0	0	0
"__id__00112587-finanvestnik-finanvestnik"	0	0	0	2	0	0	0	0	0	0
"__id__00112615-kavkaz-uzel-kavkaz-uzel"	0	0	0	2	0	0	0	0	0	0
"__id__00113747-iran-iran"	0	0	0	2	0	0	0	0	0	0
"__id__00118556-lenta-lenta"	0	0	0	2	0	0	0	0	0	0
"__id__00124589-russia-russia"	0	0	0	2	0	0	0	0	0	0
"__id__00129119-in-in"	0	0	0	2	0	0	0	0	0	0
"__id__00129148-russia-russia"	0	0	0	2	0	0	0	0	0	0
"__id__00129388-dfact-dfact"	0	0	0	2	0	0	0	0	0	0
"__id__00137601-lenta-lenta"	0	0	0	2	0	0	0	0	0	0
"__id__00139145-rbc-rbc"	0	0	0	2	0	0	0	0	0	0
"__id__00154269-in-in"	0	0	0	2	0	0	0	0	0	0
"__id__00166197-net-net"	0	0	0	2	0	0	0	0	0	0
"__id__00179967-uaclub-uaclub"	0	0	0	2	0	0	0	0	0	0
"__id__00180764-uaclub-uaclub"	0	0	0	2	0	0	0	0	0	0
"__id__00181375-itar-tass-itar-tass"	0	0	0	2	0	0	0	0	0	0
"__id__00181766-lenta-lenta"	0	0	0	2	0	0	0	0	0	0
"__id__00182960-oilcapital-oilcapital"	0	0	0	2	0	0	0	0	0	0
"__id__00185165-f1news-f1news"	0	0	0	2	0	0	0	0	0	0
"__id__00189449-fontanka-fontanka"	0	0	0	2	0	0	0	0	0	0
"__id__00193378-gazeta-gazeta"	0	0	0	2	0	0	0	0	0	0
"__id__00202177-gazeta-gazeta"	0	0	0	2	0	0	0	0	0	0
"__id__00202887-lenta-lenta"	0	0	0	2	0	0	0	0	0	0
"__id__00203126-regnum-regnum"	0	0	0	2	0	0	0	0	0	0
"__id__00218863-ikd-ikd"	0	0	0	2	0	0	0	0	0	0
"__id__00222938-nexus-nexus"	0	0	0	2	0	0	0	0	0	0
"__id__00224481-newsgeorgia-newsgeorgia"	0	0	0	2	0	0	0	0	0	0
"__id__00227243-ria7-ria7"	0	0	0	2	0	0	0	0	0	0
"__id__00227426-rusenergy-rusenergy"	0	0	0	2	0	0	0	0	0	0
"__id__00228359-rt-rt"	0	0	0	2	0	0	0	0	0	0
"__id__00232141-regcomment-regcomment"	0	0	0	2	0	0	0	0	0	0
"__id__00237552-gazeta-gazeta"	0	0	0	2	0	0	0	0	0	0
"__id__00242076-resist-resist"	0	0	0	2	0	0	0	0	0	0
"__id__00246266-ej-ej"	0	0	0	2	0	0	0	0	0	0
"__id__00249681-newizv-newizv"	0	0	0	2	0	0	0	0	0	0
"__id__00250142-finam-finam"	0	0	0	2	0	0	0	0	0	0
"__id__00253641-rt-rt"	0	0	0	2	0	0	0	0	0	0
"__id__00255812-newspb-newspb"	0	0	0	2	0	0	0	0	0	0
"__id__00259358-newsgeorgia-newsgeorgia"	0	0	0	2	0	0	0	0	0	0
"__id__00260709-fergananews-fergananews"	0	0	0	2	0	0	0	0	0	0
"__id__00263657-exdat-exdat"	0	0	0	2	0	0	0	0	0	0
"__id__00264398-rufox-rufox"	0	0	0	2	0	0	0	0	0	0
"__id__00273618-radioazadlyg-radioazadlyg"	0	0	0	2	0	0	0	0	0	0
"__id__00275733-com-com"	0	0	0	2	0	0	0	0	0	0
"__id__00277076-oilcapital-oilcapital"	0	0	0	2	0	0	0	0	0	0
"__id__00279747-rt-rt"	0	0	0	2	0	0	0	0	0	0
"__id__00284870-oilcapital-oilcapital"	0	0	0	2	0	0	0	0	0	0
"__id__00287108-newspol-newspol"	0	0	0	2	0	0	0	0	0	0
"__id__00294073-rt-rt"	0	0	0	2	0	0	0	0	0	0
"__id__00297567-unian-unian"	0	0	0	2	0	0	0	0	0	0
"__id__00298544-oilcapital-oilcapital"	0	0	0	2	0	0	0	0	0	0
"__id__00298796-azov-bereg-azov-bereg"	0	0	0	2	0	0	0	0	0	0
"__id__00310074-svpressa-svpressa"	0	0	0	2	0	0	0	0	0	0
"__id__00310663-newspol-newspol"	0	0	0	2	0	0	0	0	0	0
"__id__00316523-nv-online-nv-online"	0	0	0	2	0	0	0	0	0	0
"__id__00319588-ovesti-ovesti"	0	0	0	2	0	0	0	0	0	0
"__id__00323979-ecom-ecom"	0	0	0	2	0	0	0	0	0	0
"__id__00325717-cursorinfo-cursorinfo"	0	0	0	2	0	0	0	0	0	0
"__id__00330204-oilcapital-oilcapital"	0	0	0	2	0	0	0	0	0	0
"__id__00332080-itar-tass-itar-tass"	0	0	0	2	0	0	0	0	0	0
"__id__00337935-zeki-zeki"	0	0	0	2	0	0	0	0	0	0
"__id__00339339-dn-dn"	0	0	0	2	0	0	0	0	0	0
"__id__00341309-biografguru-biografguru"	0	0	0	2	0	0	0	0	0	0
"__id__00343231-igso-igso"	0	0	0	2	0	0	0	0	0	0
"__id__00349403-dn-dn"	0	0	0	2	0	0	0	0	0	0
"__id__00351549-vtomske-vtomske"	0	0	0	2	0	0	0	0	0	0
"__id__00362128-oilcapital-oilcapital"	0	0	0	2	0	0	0	0	0	0
"__id__00363492-newizv-newizv"	0	0	0	2	0	0	0	0	0	0
"__id__00364539-izvestia-izvestia"	0	0	0	2	0	0	0	0	0	0
"__id__00370984-oilcapital-oilcapital"	0	0	0	2	0	0	0	0	0	0
"__id__00372894-finam-finam"	0	0	0	2	0	0	0	0	0	0
"__id__00378631-rbc-rbc"	0	0	0	2	0	0	0	0	0	0
"__id__00379131-newsgeorgia-newsgeorgia"	0	0	0	2	0	0	0	0	0	0
"__id__00379549-rumafia-rumafia"	0	0	0	2	0	0	0	0	0	0
"__id__00383343-com-com"	0	0	0	2	0	0	0	0	0	0
"__id__00386061-oilcapital-oilcapital"	0	0	0	2	0	0	0	0	0	0
"__id__00399274-rt-rt"	0	0	0	2	0	0	0	0	0	0
"__id__00413077-gunm-gunm"	0	0	0	2	0	0	0	0	0	0
"__id__00413629-syrianews-syrianews"	0	0	0	2	0	0	0	0	0	0
"__id__00415817-vtomske-vtomske"	0	0	0	2	0	0	0	0	0	0
"__id__00424857-newizv-newizv"	0	0	0	2	0	0	0	0	0	0
"__id__00425027-medportal-medportal"	0	0	0	2	0	0	0	0	0	0
"__id__00425534-com-com"	0	0	0	2	0	0	0	0	0	0
"__id__00430194-vsobytijah-vsobytijah"	0	0	0	2	0	0	0	0	0	0
"__id__00436622-abnews-abnews"	0	0	0	2	0	0	0	0	0	0
"__id__00438010-regnum-regnum"	0	0	0	2	0	0	0	0	0	0
"__id__00443313-oilcapital-oilcapital"	0	0	0	2	0	0	0	0	0	0
"__id__00443460-com-com"	0	0	0	2	0	0	0	0	0	0
"__id__00444851-oilcapital-oilcapital"	0	0	0	2	0	0	0	0	0	0
"__id__00448743-uaclub-uaclub"	0	0	0	2	0	0	0	0	0	0
"__id__00454844-newizv-newizv"	0	0	0	2	0	0	0	0	0	0
"__id__00460884-newsgeorgia-newsgeorgia"	0	0	0	2	0	0	0	0	0	0
"__id__00463643-dn-dn"	0	0	0	2	0	0	0	0	0	0
"__id__00465467-seu-seu"	0	0	0	2	0	0	0	0	0	0
"__id__00467670-dn-dn"	0	0	0	2	0	0	0	0	0	0
"__id__00470954-oqbo-oqbo"	0	0	0	2	0	0	0	0	0	0
"__id__00481719-regnum-regnum"	0	0	0	2	0	0	0	0	0	0
"__id__00483443-aex-aex"	0	0	0	2	0	0	0	0	0	0
"__id__00484332-rbcdaily-rbcdaily"	0	0	0	2	0	0	0	0	0	0
"__id__00494933-rbc-rbc"	0	0	0	2	0	0	0	0	0	0
"__id__00495864-ovesti-ovesti"	0	0	0	2	0	0	0	0	0	0
"__id__00499163-abnews-abnews"	0	0	0	2	0	0	0	0	0	0
"__id__00499778-svpressa-svpressa"	0	0	0	2	0	0	0	0	0	0
"__id__00505379-newspol-newspol"	0	0	0	2	0	0	0	0	0	0
"__id__00507654-libymax-libymax"	0	0	0	2	0	0	0	0	0	0
"__id__00514644-bvedomosti-bvedomosti"	0	0	0	2	0	0	0	0	0	0
"__id__00518887-regnum-regnum"	0	0	0	2	0	0	0	0	0	0
"__id__00519334-vsobytijah-vsobytijah"	0	0	0	2	0	0	0	0	0	0
"__id__00541104-uaclub-uaclub"	0	0	0	2	0	0	0	0	0	0
"__id__00541748-rbcdaily-rbcdaily"	0	0	0	2	0	0	0	0	0	0
"__id__00542702-vtomske-vtomske"	0	0	0	2	0	0	0	0	0	0
"__id__00557475-regnum-regnum"	0	0	0	2	0	0	0	0	0	0
"__id__00569810-oilcapital-oilcapital"	0	0	0	2	0	0	0	0	0	0
"__id__00574307-syrianews-syrianews"	0	0	0	2	0	0	0	0	0	0
"__id__00576350-oilcapital-oilcapital"	0	0	0	2	0	0	0	0	0	0
"__id__00578466-radioazadlyg-radioazadlyg"	0	0	0	2	0	0	0	0	0	0
"__id__00583758-azov-bereg-azov-bereg"	0	0	0	2	0	0	0	0	0	0
"__id__00585733-gazeta-gazeta"	0	0	0	2	0	0	0	0	0	0
"__id__00587220-gazeta-gazeta"	0	0	0	2	0	0	0	0	0	0
"__id__00592567-metallpress-metallpress"	0	0	0	2	0	0	0	0	0	0
"__id__00602233-vnv-vnv"	0	0	0	2	0	0	0	0	0	0
"__id__00605754-newsrbk-newsrbk"	0	0	0	2	0	0	0	0	0	0
"__id__00610258-forum3xxx-forum3xxx"	0	0	0	2	0	0	0	0	0	0
"__id__00624450-ostro-ostro"	0	0	0	2	0	0	0	0	0	0
"__id__00634770-kommersant-kommersant"	0	0	0	2	0	0	0	0	0	0
"__id__00640271-polit-polit"	0	0	0	2	0	0	0	0	0	0
"__id__00658705-mskinweb-mskinweb"	0	0	0	2	0	0	0	0	0	0
"__id__00675559-birmcity-birmcity"	0	0	0	2	0	0	0	0	0	0
"__id__00677372-35-35"	0	0	0	2	0	0	0	0	0	0
"__id__00713652-gorod2012-gorod2012"	0	0	0	2	0	0	0	0	0	0
"__id__00719431-free-slots-club-free-slots-club"	0	0	0	2	0	0	0	0	0	0
"__id__00729527-kchetverg-kchetverg"	0	0	0	2	0	0	0	0	0	0
"__id__00730142-mir-politika-mir-politika"	0	0	0	2	0	0	0	0	0	0
"__id__00737301-newskaz-newskaz"	0	0	0	2	0	0	0	0	0	0
"__id__00738677-pravpatriot-pravpatriot"	0	0	0	2	0	0	0	0	0	0
"__id__00755517-pasmi-pasmi"	0	0	0	2	0	0	0	0	0	0
"__id__00763738-ftinvest-ftinvest"	0	0	0	2	0	0	0	0	0	0
"__id__00783669-oevrope-oevrope"	0	0	0	2	0	0	0	0	0	0
"__id__00795484-politrada-politrada"	0	0	0	2	0	0	0	0	0	0
"__id__00796403-novostink-novostink"	0	0	0	2	0	0	0	0	0	0
"__id__00808217-e-vid-e-vid"	0	0	0	2	0	0	0	0	0	0
"__id__00900254-in-in"	0	0	0	2	0	0	0	0	0	0
"__id__00904943-ua-ekonomist-ua-ekonomist"	0	0	0	2	0	0	0	0	0	0
"__id__00929515-geopolitiks-geopolitiks"	0	0	0	2	0	0	0	0	0	0
"__id__00946624-zelenograd-zelenograd"	0	0	0	2	0	0	0	0	0	0
"__id__00970072-radioazadlyg-radioazadlyg"	0	0	0	2	0	0	0	0	0	0
"__id__00976527-hotonenews-hotonenews"	0	0	0	2	0	0	0	0	0	0
"__id__00992746-birmcity-birmcity"	0	0	0	2	0	0	0	0	0	0
"__id__00999401-notum-notum"	0	0	0	2	0	0	0	0	0	0
"__id__01007136-bpn-bpn"	0	0	0	2	0	0	0	0	0	0
"__id__01016947-autotechnica-autotechnica"	0	0	0	2	0	0	0	0	0	0
"__id__01035370-pervo-pervo"	0	0	0	2	0	0	0	0	0	0
"__id__01039358-from-ua-from-ua"	0	0	0	2	0	0	0	0	0	0
"__id__01047510-cprfspb-cprfspb"	0	0	0	2	0	0	0	0	0	0
"__id__01054745-finam-finam"	0	0	0	2	0	0	0	0	0	0
"__id__01062694-inforos-inforos"	0	0	0	2	0	0	0	0	0	0
"__id__01084968-kasparov-kasparov"	0	0	0	2	0	0	0	0	0	0
"__id__01086013-allcorp-allcorp"	0	0	0	2	0	0	0	0	0	0
"__id__01131884-artoha-artoha"	0	0	0	2	0	0	0	0	0	0
"__id__01137370-afishadnya-afishadnya"	0	0	0	2	0	0	0	0	0	0
"__id__01138989-genshtab-genshtab"	0	0	0	2	0	0	0	0	0	0
"__id__01174237-blogberg-blogberg"	0	0	0	2	0	0	0	0	0	0
"__id__210208-centerregion"	0	0	0	2	0	0	0	0	0	0
"__id__313253-smart-lab"	0	0	0	2	0	0	0	0	0	0
"__id__332564-rusenergetics"	0	0	0	2	0	0	0	0	0	0
"__id__353688-ligaportal"	0	0	0	2	0	0	0	0	0	0
"__id__464342-pribaltnews"	0	0	0	2	0	0	0	0	0	0
"__id__461659-fin-sale"	0	0	0	2	0	0	0	0	0	0
"__id__529011-crimpravo"	0	0	0	2	0	0	0	0	0	0
"__id__538073-partynews"	0	0	0	2	0	0	0	0	0	0
"__id__591588-zdom"	0	0	0	2	0	0	0	0	0	0
"__id__607809-extrachance"	0	0	0	2	0	0	0	0	0	0
"__id__556422-gisher"	0	0	0	2	0	0	0	0	0	0
"__id__766118-infovoronezh"	0	0	0	2	0	0	0	0	0	0
"__id__887038-jjew"	0	0	0	2	0	0	0	0	0	0
"__id__877703-centrasia"	0	0	0	2	0	0	0	0	0	0
"__id__95420-murman"	0	0	0	2	0	0	0	0	0	0
"__id__163532-egpressoffice"	0	0	0	2	0	0	0	0	0	0
"__id__358458-restur"	0	0	0	2	0	0	0	0	0	0
"__id__404593-ekanews"	0	0	0	2	0	0	0	0	0	0
"__id__371100-newsanons"	0	0	0	2	0	0	0	0	0	0
"__id__735950-press-line"	0	0	0	2	0	0	0	0	0	0
"__id__880859-rosgranstroy"	0	0	0	2	0	0	0	0	0	0
"__id__998987-katalog31"	0	0	0	2	0	0	0	0	0	0
"__id__1103533-uav"	0	0	0	2	0	0	0	0	0	0
"__id__1068410-zhurgid"	0	0	0	2	0	0	0	0	0	0
"__id__264640-vefksiberia"	0	0	0	2	0	0	0	0	0	0
"__id__343288-hayinfo"	0	0	0	2	0	0	0	0	0	0
"__id__488043-lenta"	0	0	0	2	0	0	0	0	0	0
"__id__524570-newsanons"	0	0	0	2	0	0	0	0	0	0
"__id__619232-civilg8"	0	0	0	2	0	0	0	0	0	0
"__id__967146-sport-business"	0	0	0	2	0	0	0	0	0	0
"__id__1077694-bestnewsblog"	0	0	0	2	0	0	0	0	0	0
"__id__98823-nknh"	0	0	0	2	0	0	0	0	0	0
"__id__245646-sberinfo"	0	0	0	2	0	0	0	0	0	0
"__id__596313-tltnews"	0	0	0	2	0	0	0	0	0	0
"__id__799471-zachetstroy"	0	0	0	2	0	0	0	0	0	0
"__id__862891-flime"	0	0	0	2	0	0	0	0	0	0
"__id__1208016-abforex"	0	0	0	2	0	0	0	0	0	0
"__id__234644-moltat"	0	0	0	2	0	0	0	0	0	0
"__id__278841-realty-kmv"	0	0	0	2	0	0	0	0	0	0
"__id__575700-warfaregame"	0	0	0	2	0	0	0	0	0	0
"__id__670125-vcspartak"	0	0	0	2	0	0	0	0	0	0
"__id__783992-narod"	0	0	0	2	0	0	0	0	0	0
"__id__803769-perfoprom"	0	0	0	2	0	0	0	0	0	0
"__id__931515-te"	0	0	0	2	0	0	0	0	0	0
"__id__1152580-zachetstroy"	0	0	0	2	0	0	0	0	0	0
"__id__234879-minimpa"	0	0	0	2	0	0	0	0	0	0
"__id__458105-medianews24"	0	0	0	2	0	0	0	0	0	0
"__id__835421-bzzn"	0	0	0	2	0	0	0	0	0	0
"__id__90064-hayinfo"	0	0	0	2	0	0	0	0	0	0
"__id__245595-sport-express"	0	0	0	2	0	0	0	0	0	0
"__id__323678-buildernet"	0	0	0	2	0	0	0	0	0	0
"__id__337885-zvesti"	0	0	0	2	0	0	0	0	0	0
"__id__529201-r-energo"	0	0	0	2	0	0	0	0	0	0
"__id__856827-dkvartal"	0	0	0	2	0	0	0	0	0	0
"__id__1099986-mgrin"	0	0	0	2	0	0	0	0	0	0
"__id__1127988-vesti-dnya"	0	0	0	2	0	0	0	0	0	0
"__id__1125945-kredit-msk"	0	0	0	2	0	0	0	0	0	0
"__id__79237-tltnews"	0	0	0	2	0	0	0	0	0	0
"__id__403282-dkvartal"	0	0	0	2	0	0	0	0	0	0
"__id__780752-bunich"	0	0	0	2	0	0	0	0	0	0
"__id__787571-integrum"	0	0	0	2	0	0	0	0	0	0
"__id__973074-u-f"	0	0	0	2	0	0	0	0	0	0
"__id__1141942-eu-russiacentre"	0	0	0	2	0	0	0	0	0	0
"__id__187-rg"	0	0	0	2	0	0	0	0	0	0
"__id__250312-pravdapskov"	0	0	0	2	0	0	0	0	0	0
"__id__494492-narodna"	0	0	0	2	0	0	0	0	0	0
"__id__564224-vestifinance"	0	0	0	2	0	0	0	0	0	0
"__id__618481-samaracitynews"	0	0	0	2	0	0	0	0	0	0
"__id__758450-kpnm"	0	0	0	2	0	0	0	0	0	0
"__id__830606-spb"	0	0	0	2	0	0	0	0	0	0
"__id__975192-cry"	0	0	0	2	0	0	0	0	0	0
"__id__939122-kbpravda"	0	0	0	2	0	0	0	0	0	0
"__id__1062031-myt-portal"	0	0	0	2	0	0	0	0	0	0
"__id__1077506-allcops"	0	0	0	2	0	0	0	0	0	0
"__id__1088494-tgm"	0	0	0	2	0	0	0	0	0	0
"__id__35285-i38"	0	0	0	2	0	0	0	0	0	0
"__id__115603-alicante"	0	0	0	2	0	0	0	0	0	0
"__id__249507-y41"	0	0	0	2	0	0	0	0	0	0
"__id__347363-ccitogliatti"	0	0	0	2	0	0	0	0	0	0
"__id__371453-paulsyard"	0	0	0	2	0	0	0	0	0	0
"__id__468561-hayinfo"	0	0	0	2	0	0	0	0	0	0
"__id__515970-russian-fires"	0	0	0	2	0	0	0	0	0	0
"__id__517001-kvadrat"	0	0	0	2	0	0	0	0	0	0
"__id__587298-pi-ngp"	0	0	0	2	0	0	0	0	0	0
"__id__706866-findnews"	0	0	0	2	0	0	0	0	0	0
"__id__961155-creations"	0	0	0	2	0	0	0	0	0	0
"__id__285449-info-kras"	0	0	0	2	0	0	0	0	0	0
"__id__356025-wek"	0	0	0	2	0	0	0	0	0	0
"__id__528716-astralife"	0	0	0	2	0	0	0	0	0	0
"__id__504515-mir-uvlechenii"	0	0	0	2	0	0	0	0	0	0
"__id__460500-mamarama"	0	0	0	2	0	0	0	0	0	0
"__id__637741-yur-gazeta"	0	0	0	2	0	0	0	0	0	0
"__id__544236-svvaul"	0	0	0	2	0	0	0	0	0	0
"__id__805487-rucem"	0	0	0	2	0	0	0	0	0	0
"__id__906519-megansk"	0	0	0	2	0	0	0	0	0	0
"__id__930082-blogoculture"	0	0	0	2	0	0	0	0	0	0
"__id__893238-directrix"	0	0	0	2	0	0	0	0	0	0
"__id__943694-bunich"	0	0	0	2	0	0	0	0	0	0
"__id__1098808-i-c-g"	0	0	0	2	0	0	0	0	0	0
"__id__1157797-rucountry"	0	0	0	2	0	0	0	0	0	0
"__id__208301-zhurgid"	0	0	0	2	0	0	0	0	0	0
"__id__310426-moykirov"	0	0	0	2	0	0	0	0	0	0
"__id__573382-commercialrealty"	0	0	0	2	0	0	0	0	0	0
"__id__769360-pro-credit"	0	0	0	2	0	0	0	0	0	0
"__id__990584-eifgaz"	0	0	0	2	0	0	0	0	0	0
"__id__975301-ia-centr"	0	0	0	2	0	0	0	0	0	0
"__id__1147297-tamcenter"	0	0	0	2	0	0	0	0	0	0
"__id__295838-naida"	0	0	0	2	0	0	0	0	0	0
"__id__706695-nnm"	0	0	0	2	0	0	0	0	0	0
"__id__726748-argogas"	0	0	0	2	0	0	0	0	0	0
"__id__848221-ligaportal"	0	0	0	2	0	0	0	0	0	0
"__id__964104-bunich"	0	0	0	2	0	0	0	0	0	0
"__id__1076364-nevastroyka"	0	0	0	2	0	0	0	0	0	0
"__id__1154515-willan"	0	0	0	2	0	0	0	0	0	0
"__id__238008-kurskcity"	0	0	0	2	0	0	0	0	0	0
"__id__513365-wattle"	0	0	0	2	0	0	0	0	0	0
"__id__609105-koreana"	0	0	0	2	0	0	0	0	0	0
"__id__848144-utronews"	0	0	0	2	0	0	0	0	0	0
"__id__965017-ekburg"	0	0	0	2	0	0	0	0	0	0
"__id__1029197-calend"	0	0	0	2	0	0	0	0	0	0
"__id__1092946-proflicenzia"	0	0	0	2	0	0	0	0	0	0
"__id__1020026-erdv"	0	0	0	2	0	0	0	0	0	0
"__id__1200337-infoproduct"	0	0	0	2	0	0	0	0	0	0
"__id__266090-zarubejom"	0	0	0	2	0	0	0	0	0	0
"__id__517496-buhgalteria"	0	0	0	2	0	0	0	0	0	0
"__id__786484-globalnsk"	0	0	0	2	0	0	0	0	0	0
"__id__660734-kredit-msk"	0	0	0	2	0	0	0	0	0	0
"__id__921384-materik"	0	0	0	2	0	0	0	0	0	0
"__id__133151-tkks"	0	0	0	2	0	0	0	0	0	0
"__id__130442-citiesoftheworld"	0	0	0	2	0	0	0	0	0	0
"__id__345346-patixgroup"	0	0	0	2	0	0	0	0	0	0
"__id__424985-irk"	0	0	0	2	0	0	0	0	0	0
"__id__463994-perfoprom"	0	0	0	2	0	0	0	0	0	0
"__id__391035-yoread"	0	0	0	2	0	0	0	0	0	0
"__id__532934-hotel-expromt"	0	0	0	2	0	0	0	0	0	0
"__id__758832-intercombroker"	0	0	0	2	0	0	0	0	0	0
"__id__884437-sokratili"	0	0	0	2	0	0	0	0	0	0
"__id__932684-zbdevelopment"	0	0	0	2	0	0	0	0	0	0
"__id__1131331-inforotor"	0	0	0	2	0	0	0	0	0	0
"__id__30042-mia-info"	0	0	0	2	0	0	0	0	0	0
"__id__1165072-tltnews"	0	0	0	2	0	0	0	0	0	0
"__id__114185-mrcplast"	0	0	0	2	0	0	0	0	0	0
"__id__98056-mir-politiki"	0	0	0	2	0	0	0	0	0	0
"__id__115372-oleny"	0	0	0	2	0	0	0	0	0	0
"__id__211677-iran"	0	0	0	2	0	0	0	0	0	0
"__id__640976-sport-business"	0	0	0	2	0	0	0	0	0	0
"__id__705513-dbsol"	0	0	0	2	0	0	0	0	0	0
"__id__800715-kpv-stroy"	0	0	0	2	0	0	0	0	0	0
"__id__943833-rapidlydevelopingeconomies"	0	0	0	2	0	0	0	0	0	0
"__id__54127-altaystroy"	0	0	0	2	0	0	0	0	0	0
"__id__225228-boom"	0	0	0	2	0	0	0	0	0	0
"__id__248946-finomenov"	0	0	0	2	0	0	0	0	0	0
"__id__262688-energ"	0	0	0	2	0	0	0	0	0	0
"__id__666072-agrolive"	0	0	0	2	0	0	0	0	0	0
"__id__643149-rosmetiz"	0	0	0	2	0	0	0	0	0	0
"__id__915510-kvartira-stroy"	0	0	0	2	0	0	0	0	0	0
"__id__835378-openracing"	0	0	0	2	0	0	0	0	0	0
"__id__934847-promved"	0	0	0	2	0	0	0	0	0	0
"__id__67938-ruskol"	0	0	0	2	0	0	0	0	0	0
"__id__72481-altkibd"	0	0	0	2	0	0	0	0	0	0
"__id__54425-preemniki"	0	0	0	2	0	0	0	0	0	0
"__id__145563-sakartvelo"	0	0	0	2	0	0	0	0	0	0
"__id__280745-cheremhovo"	0	0	0	2	0	0	0	0	0	0
"__id__332055-dkvartal-rostov"	0	0	0	2	0	0	0	0	0	0
"__id__337032-kochmeister"	0	0	0	2	0	0	0	0	0	0
"__id__784483-molpred34"	0	0	0	2	0	0	0	0	0	0
"__id__808267-pmoney"	0	0	0	2	0	0	0	0	0	0
"__id__856125-kibernews"	0	0	0	2	0	0	0	0	0	0
"__id__114352-egozacomplex"	0	0	0	2	0	0	0	0	0	0
"__id__164835-arzam"	0	0	0	2	0	0	0	0	0	0
"__id__234001-vch"	0	0	0	2	0	0	0	0	0	0
"__id__444615-bankslife"	0	0	0	2	0	0	0	0	0	0
"__id__808369-myautotun"	0	0	0	2	0	0	0	0	0	0
"__id__744345-finansinvest"	0	0	0	2	0	0	0	0	0	0
"__id__881384-astralife"	0	0	0	2	0	0	0	0	0	0
"__id__109065-interfax"	0	0	0	2	0	0	0	0	0	0
"__id__67127-topnews24"	0	0	0	2	0	0	0	0	0	0
"__id__152192-usa-travel"	0	0	0	2	0	0	0	0	0	0
"__id__363615-thebang"	0	0	0	2	0	0	0	0	0	0
"__id__331749-er"	0	0	0	2	0	0	0	0	0	0
"__id__335338-sakartvelo"	0	0	0	2	0	0	0	0	0	0
"__id__248291-zaotvet"	0	0	0	2	0	0	0	0	0	0
"__id__423688-astralife"	0	0	0	2	0	0	0	0	0	0
"__id__336741-far-east"	0	0	0	2	0	0	0	0	0	0
"__id__779337-southernafrica"	0	0	0	2	0	0	0	0	0	0
"__id__851385-snariad"	0	0	0	2	0	0	0	0	0	0
"__id__718591-newsxxl"	0	0	0	2	0	0	0	0	0	0
"__id__713204-transneft"	0	0	0	2	0	0	0	0	0	0
"__id__765833-gazeta-nz"	0	0	0	2	0	0	0	0	0	0
"__id__224619-deon-mebel"	0	0	0	0	0	0	2	0	0	0
"__id__166534-shoptattoo"	0	0	0	0	0	0	2	0	0	0
"__id__382144-drivix"	0	0	0	0	0	0	2	0	0	0
"__id__405766-milavica"	0	0	0	0	0	0	2	0	0	0
"__id__557357-interfood"	0	0	0	0	0	0	2	0	0	0
"__id__745132-technomarin"	0	0	0	0	0	0	2	0	0	0
"__id__754798-irse"	0	0	0	0	0	0	2	0	0	0
"__id__730387-mk-termo"	0	0	0	0	0	0	2	0	0	0
"__id__757019-stankoff"	0	0	0	0	0	0	2	0	0	0
"__id__250381-sks-rostov"	0	0	0	0	0	0	2	0	0	0
"__id__226277-technoclean"	0	0	0	0	0	0	2	0	0	0
"__id__253658-dominir"	0	0	0	0	0	0	2	0	0	0
"__id__260399-health-expert"	0	0	0	0	0	0	2	0	0	0
"__id__310940-tvaudio"	0	0	0	0	0	0	2	0	0	0
"__id__616133-naviburg"	0	0	0	0	0	0	2	0	0	0
"__id__750672-cli"	0	0	0	0	0	0	2	0	0	0
"__id__1009823-giveway"	0	0	0	0	0	0	2	0	0	0
"__id__469715-rudivan"	0	0	0	0	0	0	2	0	0	0
"__id__461779-ribalka-i-ohota"	0	0	0	0	0	0	2	0	0	0
"__id__553904"	0	0	0	0	0	0	2	0	0	0
"__id__860633-greybox"	0	0	0	0	0	0	2	0	0	0
"__id__910400-shopping-tomsk"	0	0	0	0	0	0	2	0	0	0
"__id__890492-etisel"	0	0	0	0	0	0	2	0	0	0
"__id__1081698-time-nn"	0	0	0	0	0	0	2	0	0	0
"__id__92388-aksan1"	0	0	0	0	0	0	2	0	0	0
"__id__855264-novamart"	0	0	0	0	0	0	2	0	0	0
"__id__956487-signbusiness"	0	0	0	0	0	0	2	0	0	0
"__id__208680-spb"	0	0	0	0	0	0	2	0	0	0
"__id__218257-dorus"	0	0	0	0	0	0	2	0	0	0
"__id__657876-4yog"	0	0	0	0	0	0	2	0	0	0
"__id__580397-1914"	0	0	0	0	0	0	2	0	0	0
"__id__673555-znaklami"	0	0	0	0	0	0	2	0	0	0
"__id__1057901-alt-kom"	0	0	0	0	0	0	2	0	0	0
"__id__41078-petroburservis"	0	0	0	0	0	0	2	0	0	0
"__id__251453-sportudar"	0	0	0	0	0	0	2	0	0	0
"__id__47989-tdpresto"	0	0	0	0	0	0	2	0	0	0
"__id__709421-omsairam"	0	0	0	0	0	0	2	0	0	0
"__id__1106851-avangard-sp"	0	0	0	0	0	0	2	0	0	0
"__id__1079415-smt-t"	0	0	0	0	0	0	2	0	0	0
"__id__83442-aksan1"	0	0	0	0	0	0	2	0	0	0
"__id__209167-vira21"	0	0	0	0	0	0	2	0	0	0
"__id__316552-svarkainfo"	0	0	0	0	0	0	2	0	0	0
"__id__412095-aldus"	0	0	0	0	0	0	2	0	0	0
"__id__825283-strong33"	0	0	0	0	0	0	2	0	0	0
"__id__566168-novobyt"	0	0	0	0	0	0	2	0	0	0
"__id__827553-2a-systems"	0	0	0	0	0	0	2	0	0	0
"__id__979999-ekomfort"	0	0	0	0	0	0	2	0	0	0
"__id__1130393-nsbs"	0	0	0	0	0	0	2	0	0	0
"__id__838352-kompstar"	0	0	0	0	0	0	2	0	0	0
"__id__62109-completehotels"	0	0	0	0	0	0	2	0	0	0
"__id__575092-rolstavnya"	0	0	0	0	0	0	2	0	0	0
"__id__156975-spb"	0	0	0	0	0	0	2	0	0	0
"__id__1027660-shop-tennis"	0	0	0	0	0	0	2	0	0	0
"__id__375950-eurogrant"	0	0	0	0	0	0	2	0	0	0
"__id__1103418-pcdesign"	0	0	0	0	0	0	2	0	0	0
"__id__323036-agumarket"	0	0	0	0	0	0	2	0	0	0
"__id__723310-uniktorg"	0	0	0	0	0	0	2	0	0	0
"__id__88222-giant-russia"	0	0	0	0	0	0	2	0	0	0
"__id__495130-softis"	0	0	0	0	0	0	2	0	0	0
"__id__28930-at-remont"	0	0	0	0	0	0	2	0	0	0
"__id__801027-interlak"	0	0	0	0	0	0	2	0	0	0
"__id__147454-mssports"	0	0	0	0	0	0	2	0	0	0
"__id__925827-makita-attacks"	0	0	0	0	0	0	2	0	0	0
"__id__435941-mir-elektro"	0	0	0	0	0	0	2	0	0	0
"__id__247816-msu"	0	0	0	0	0	0	0	2	0	0
"__id__245093-irk"	0	0	0	0	0	0	0	2	0	0
"__id__593935-ipmnet"	0	0	0	0	0	0	0	2	0	0
"__id__642222-ipmnet"	0	0	0	0	0	0	0	2	0	0
"__id__637994-ipmnet"	0	0	0	0	0	0	0	2	0	0
"__id__705449-ipmnet"	0	0	0	0	0	0	0	2	0	0
"__id__843014-ipmnet"	0	0	0	0	0	0	0	2	0	0
"__id__49952-dvastronom"	0	0	0	0	0	0	0	2	0	0
"__id__133393-vniimp"	0	0	0	0	0	0	0	2	0	0
"__id__460186-leksir"	0	0	0	0	0	0	0	2	0	0
"__id__440901-ipmnet"	0	0	0	0	0	0	0	2	0	0
"__id__607862-ipmnet"	0	0	0	0	0	0	0	2	0	0
"__id__605292-synergetic"	0	0	0	0	0	0	0	2	0	0
"__id__803726-surgutstud"	0	0	0	0	0	0	0	2	0	0
"__id__1089331-multi-med"	0	0	0	0	0	0	0	2	0	0
"__id__1148502-forens-rus"	0	0	0	0	0	0	0	2	0	0
"__id__1199771-ipmnet"	0	0	0	0	0	0	0	2	0	0
"__id__204040-altaica"	0	0	0	0	0	0	0	2	0	0
"__id__217705-irk"	0	0	0	0	0	0	0	2	0	0
"__id__412891-irk"	0	0	0	0	0	0	0	2	0	0
"__id__509170-socionauki"	0	0	0	0	0	0	0	2	0	0
"__id__679464-ipmnet"	0	0	0	0	0	0	0	2	0	0
"__id__895217-ipmnet"	0	0	0	0	0	0	0	2	0	0
"__id__872621-ipmnet"	0	0	0	0	0	0	0	2	0	0
"__id__1076477-ipmnet"	0	0	0	0	0	0	0	2	0	0
"__id__55449-psypress"	0	0	0	0	0	0	0	2	0	0
"__id__497509-misbfm"	0	0	0	0	0	0	0	2	0	0
"__id__644244-ipmnet"	0	0	0	0	0	0	0	2	0	0
"__id__901452-elearn"	0	0	0	0	0	0	0	2	0	0
"__id__938683-msu"	0	0	0	0	0	0	0	2	0	0
"__id__1066198-ipmnet"	0	0	0	0	0	0	0	2	0	0
"__id__1014818-spbu"	0	0	0	0	0	0	0	2	0	0
"__id__1068952-ipmnet"	0	0	0	0	0	0	0	2	0	0
"__id__1076377-ipdn"	0	0	0	0	0	0	0	2	0	0
"__id__40793-laser"	0	0	0	0	0	0	0	2	0	0
"__id__209480-dialog-21"	0	0	0	0	0	0	0	2	0	0
"__id__507600-ipmnet"	0	0	0	0	0	0	0	2	0	0
"__id__699517-nsc"	0	0	0	0	0	0	0	2	0	0
"__id__829284-ipmnet"	0	0	0	0	0	0	0	2	0	0
"__id__889077-msu"	0	0	0	0	0	0	0	2	0	0
"__id__989149-ipdn"	0	0	0	0	0	0	0	2	0	0
"__id__1047771-ipmnet"	0	0	0	0	0	0	0	2	0	0
"__id__1019520-dvforum"	0	0	0	0	0	0	0	2	0	0
"__id__263926-khstu"	0	0	0	0	0	0	0	2	0	0
"__id__678721-c-o-k"	0	0	0	0	0	0	0	2	0	0
"__id__186102-psystudy"	0	0	0	0	0	0	0	2	0	0
"__id__896578-kirensky"	0	0	0	0	0	0	0	2	0	0
"__id__1101113-ipmnet"	0	0	0	0	0	0	0	2	0	0
"__id__290985-irk"	0	0	0	0	0	0	0	2	0	0
"__id__349451-rc-sme"	0	0	0	0	0	0	0	2	0	0
"__id__569429-chelnyclinic"	0	0	0	0	0	0	0	2	0	0
"__id__874924-ipdn"	0	0	0	0	0	0	0	2	0	0
"__id__1082471-ipdn"	0	0	0	0	0	0	0	2	0	0
"__id__68805-medbusiness"	0	0	0	0	0	0	0	2	0	0
"__id__222286-spb"	0	0	0	0	0	0	0	2	0	0
"__id__330936-ccfebras"	0	0	0	0	0	0	0	2	0	0
"__id__433450-irk"	0	0	0	0	0	0	0	2	0	0
"__id__533139-rin"	0	0	0	0	0	0	0	2	0	0
"__id__936482-ipmnet"	0	0	0	0	0	0	0	2	0	0
"__id__1072017-ipmnet"	0	0	0	0	0	0	0	2	0	0
"__id__1045536-abbottgrowth"	0	0	0	0	0	0	0	2	0	0
"__id__1137023-ipmnet"	0	0	0	0	0	0	0	2	0	0
"__id__160010-altaica"	0	0	0	0	0	0	0	2	0	0
"__id__436407-edu"	0	0	0	0	0	0	0	2	0	0
"__id__733377-nsc"	0	0	0	0	0	0	0	2	0	0
"__id__847576-ipmnet"	0	0	0	0	0	0	0	2	0	0
"__id__1071594-ipmnet"	0	0	0	0	0	0	0	2	0	0
"__id__311154-irk"	0	0	0	0	0	0	0	2	0	0
"__id__1074501-ipmnet"	0	0	0	0	0	0	0	2	0	0
"__id__547434-edu"	0	0	0	0	0	0	0	2	0	0
"__id__710464-ipmnet"	0	0	0	0	0	0	0	2	0	0
"__id__769752-kstu"	0	0	0	0	0	0	0	2	0	0
"__id__965254-ras"	0	0	0	0	0	0	0	2	0	0
"__id__1083334-ipmnet"	0	0	0	0	0	0	0	2	0	0
"__id__778001-socioline"	0	0	0	0	0	0	0	2	0	0
"__id__1151137-ipdn"	0	0	0	0	0	0	0	2	0	0
"__id__145977-msu"	0	0	0	0	0	0	0	2	0	0
"__id__644134-refu"	0	0	0	0	0	0	0	2	0	0
"__id__715222-ipmnet"	0	0	0	0	0	0	0	2	0	0
"__id__277982-spinabezboli"	0	0	0	0	0	0	0	2	0	0
"__id__417525-ipmnet"	0	0	0	0	0	0	0	2	0	0
"__id__631441-ras"	0	0	0	0	0	0	0	2	0	0
"__id__753174-ipmnet"	0	0	0	0	0	0	0	2	0	0
"__id__832984-msu"	0	0	0	0	0	0	0	2	0	0
"__id__1143320-msu"	0	0	0	0	0	0	0	2	0	0
"__id__282890-jinr"	0	0	0	0	0	0	0	2	0	0
"__id__464512-ipmnet"	0	0	0	0	0	0	0	2	0	0
"__id__672572-budgetrf"	0	0	0	0	0	0	0	2	0	0
"__id__649871-synergetic"	0	0	0	0	0	0	0	2	0	0
"__id__699070-gas-journal"	0	0	0	0	0	0	0	2	0	0
"__id__542260-karelia"	0	0	0	0	0	0	0	2	0	0
"__id__9327-itn"	0	0	0	0	0	0	0	2	0	0
"__id__495107-oval"	0	0	0	0	0	0	0	2	0	0
"__id__843453-spbu"	0	0	0	0	0	0	0	2	0	0
"__id__223065-nsc"	0	0	0	0	0	0	0	2	0	0
"__id__338154-msu"	0	0	0	0	0	0	0	2	0	0
"__id__776560-spbu"	0	0	0	0	0	0	0	2	0	0
"__id__150553-barvinsky"	0	0	0	0	0	0	0	2	0	0
"__id__340068-5ka"	0	0	0	0	0	0	0	2	0	0
"__id__832984-msu"	0	0	0	0	0	0	0	2	0	0
"__id__435372-newgo"	0	0	0	0	0	0	0	0	0	2
"__id__964185-cosmo"	0	0	0	0	0	0	0	0	0	2
"__id__8661-66"	0	0	0	0	0	0	0	0	0	2
"__id__96537-digitaltechniks"	0	0	0	0	0	0	0	0	0	2
"__id__244241-hotlibrary"	0	0	0	0	0	0	0	0	0	2
"__id__454547-imhommorpg"	0	0	0	0	0	0	0	0	0	2
"__id__532594-privetsochi"	0	0	0	0	0	0	0	0	0	2
"__id__998437-bumbum"	0	0	0	0	0	0	0	0	0	2
"__id__664016-mindwar"	0	0	0	0	0	0	0	0	0	2
"__id__694291-dent2"	0	0	0	0	0	0	0	0	0	2
"__id__310236-dimoning"	0	0	0	0	0	0	0	0	0	2
"__id__375005-tagillib"	0	0	0	0	0	0	0	0	0	2
"__id__508581-animelayer"	0	0	0	0	0	0	0	0	0	2
"__id__545219-1024games"	0	0	0	0	0	0	0	0	0	2
"__id__578824-murman"	0	0	0	0	0	0	0	0	0	2
"__id__1129768-autodela"	0	0	0	0	0	0	0	0	0	2
"__id__322762-40oslov"	0	0	0	0	0	0	0	0	0	2
"__id__546874-tutmotor"	0	0	0	0	0	0	0	0	0	2
"__id__672573-inostrankabooks"	0	0	0	0	0	0	0	0	0	2
"__id__1009517-basketball"	0	0	0	0	0	0	0	0	0	2
"__id__1103808-sgolub"	0	0	0	0	0	0	0	0	0	2
"__id__1148494-koenig"	0	0	0	0	0	0	0	0	0	2
"__id__475752-bookland"	0	0	0	0	0	0	0	0	0	2
"__id__753181-bask"	0	0	0	0	0	0	0	0	0	2
"__id__128528-imhonet"	0	0	0	0	0	0	0	0	0	2
"__id__257395-mail"	0	0	0	0	0	0	0	0	0	2
"__id__754191-dtf"	0	0	0	0	0	0	0	0	0	2
"__id__913301-e-rubtsovsk"	0	0	0	0	0	0	0	0	0	2
"__id__217448-imhonet"	0	0	0	0	0	0	0	0	0	2
"__id__972002-ram32"	0	0	0	0	0	0	0	0	0	2
"__id__965975-podebrady"	0	0	0	0	0	0	0	0	0	2
"__id__456248-soit"	0	0	0	0	0	0	0	0	0	2
"__id__727770-online-torg"	0	0	0	0	0	0	0	0	0	2
"__id__976409-network-engineer"	0	0	0	0	0	0	0	0	0	2
"__id__1187024-karta31"	0	0	0	0	0	0	0	0	0	2
"__id__160725-seokemerovo"	0	0	0	0	0	0	0	0	0	2
"__id__660407-autostart"	0	0	0	0	0	0	0	0	0	2
"__id__1005785-kanks"	0	0	0	0	0	0	0	0	0	2
"__id__55867-goldenyar"	0	0	0	0	0	0	0	0	0	2
"__id__1123572-trexlebov"	0	0	0	0	0	0	0	0	0	2
"__id__150614-imhonet"	0	0	0	0	0	0	0	0	0	2
"__id__543355-blog-p"	0	0	0	0	0	0	0	0	0	2
"__id__1126171-vesveter"	0	0	0	0	0	0	0	0	0	2
"__id__160919-sfedu"	0	0	0	0	0	0	0	0	0	2
"__id__193807-techwind"	0	0	0	0	0	0	0	0	0	2
"__id__291202-msk"	0	0	0	0	0	0	0	0	0	2
"__id__420670-hollywoodz"	0	0	0	0	0	0	0	0	0	2
"__id__411695-irr"	0	0	0	0	0	0	0	0	0	2
"__id__1126641-ozr"	0	0	0	0	0	0	0	0	0	2
"__id__1157809-fishmonger"	0	0	0	0	0	0	0	0	0	2
"__id__16083-worldavtosalon"	0	0	0	0	0	0	0	0	0	2
"__id__882471-chitatravel"	0	0	0	0	0	0	0	0	0	2
"__id__1094167-qqqz"	0	0	0	0	0	0	0	0	0	2
"__id__1048803-notr"	0	0	0	0	0	0	0	0	0	2
"__id__107497-designlife"	0	0	0	0	0	0	0	0	0	2
"__id__802-afisha"	0	0	0	0	0	0	0	0	0	2
"__id__237166-agumarket"	0	0	0	0	0	0	0	0	0	2
"__id__948871-film-online3"	0	0	0	0	0	0	0	0	0	2
"__id__286780-kinomania"	0	0	0	0	0	0	0	0	0	2
"__id__560226-shop-round"	0	0	0	0	0	0	0	0	0	2
"__id__653986-gothic"	0	0	0	0	0	0	0	0	0	2
"__id__88245-km"	0	0	0	0	0	0	0	0	0	2
"__id__41610-maldivesclub"	0	0	0	0	0	0	0	0	0	2
"__id__385952-claris-verbis"	0	0	0	0	0	0	0	0	0	2
"__id__756909-proedesh"	0	0	0	0	0	0	0	0	0	2
"__id__739613-org"	0	0	0	0	0	0	0	0	0	2
"__id__192323-tenstars"	0	0	0	0	0	0	0	0	0	2
"__id__911981-seasonvar"	0	0	0	0	0	0	0	0	0	2
"__id__308325-post-apocalypse"	0	0	0	0	0	0	0	0	0	2
"__id__183307-fantlab"	0	0	0	0	0	0	0	0	0	2
"__id__306791-imhonet"	0	0	0	0	0	0	0	0	0	2
"__id__331279-imhonet"	0	0	0	0	0	0	0	0	0	2
"__id__695097-taxodrom"	0	0	0	0	0	0	0	0	0	2
"__id__936832-apple-ipads"	0	0	0	0	0	0	0	0	0	2
"__id__328682-sumerki3-sz"	0	0	0	0	0	0	0	0	0	2
"__id__412194-profilmiki"	0	0	0	0	0	0	0	0	0	2
